This is pdfTeX, Version 3.141592653-2.6-1.40.26 (TeX Live 2024) (preloaded format=pdflatex 2024.8.9)  23 FEB 2026 11:04
entering extended mode
 restricted \write18 enabled.
 file:line:error style messages enabled.
 %&-line parsing enabled.
**c:/Users/olive/Documents/maths/Cambridge/cam-notes/notes/probability
(c:/Users/olive/Documents/maths/Cambridge/cam-notes/notes/probability.tex
LaTeX2e <2024-06-01> patch level 2
L3 programming layer <2024-07-20>
(../template/note.cls (c:/Program Files/texlive/2024/texmf-dist/tex/latex/koma-script/scrartcl.cls
Document Class: scrartcl 2023/07/07 v3.41 KOMA-Script document class (article)
(c:/Program Files/texlive/2024/texmf-dist/tex/latex/koma-script/scrkbase.sty
Package: scrkbase 2023/07/07 v3.41 KOMA-Script package (KOMA-Script-dependent basics and keyval usage)
 (c:/Program Files/texlive/2024/texmf-dist/tex/latex/koma-script/scrbase.sty
Package: scrbase 2023/07/07 v3.41 KOMA-Script package (KOMA-Script-independent basics and keyval usage)
 (c:/Program Files/texlive/2024/texmf-dist/tex/latex/koma-script/scrlfile.sty
Package: scrlfile 2023/07/07 v3.41 KOMA-Script package (file load hooks)
 (c:/Program Files/texlive/2024/texmf-dist/tex/latex/koma-script/scrlfile-hook.sty
Package: scrlfile-hook 2023/07/07 v3.41 KOMA-Script package (using LaTeX hooks)
 (c:/Program Files/texlive/2024/texmf-dist/tex/latex/koma-script/scrlogo.sty
Package: scrlogo 2023/07/07 v3.41 KOMA-Script package (logo)
))) (c:/Program Files/texlive/2024/texmf-dist/tex/latex/graphics/keyval.sty
Package: keyval 2022/05/29 v1.15 key=value parser (DPC)
\KV@toks@=\toks17
)
Applying: [2021/05/01] Usage of raw or classic option list on input line 252.
Already applied: [0000/00/00] Usage of raw or classic option list on input line 368.
)) (c:/Program Files/texlive/2024/texmf-dist/tex/latex/koma-script/tocbasic.sty
Package: tocbasic 2023/07/07 v3.41 KOMA-Script package (handling toc-files)
\scr@dte@tocline@numberwidth=\skip49
\scr@dte@tocline@numbox=\box52
)
Package tocbasic Info: omitting babel extension for `toc'
(tocbasic)             because of feature `nobabel' available
(tocbasic)             for `toc' on input line 133.
Package scrartcl Info: You've used standard option `11pt'.
(scrartcl)             This is correct!
(scrartcl)             Internally I'm using `fontsize=11pt'.
(scrartcl)             If you'd like to set the option with \KOMAoptions,
(scrartcl)             you'd have to use `fontsize=11pt' there
(scrartcl)             instead of `11pt', too.
Class scrartcl Info: File `scrsize11pt.clo' used to setup font sizes on input line 2441.
 (c:/Program Files/texlive/2024/texmf-dist/tex/latex/koma-script/scrsize11pt.clo
File: scrsize11pt.clo 2023/07/07 v3.41 KOMA-Script font size class option (11pt)
) (c:/Program Files/texlive/2024/texmf-dist/tex/latex/koma-script/typearea.sty
Package: typearea 2023/07/07 v3.41 KOMA-Script package (type area)
\ta@bcor=\skip50
\ta@div=\count194
\ta@hblk=\skip51
\ta@vblk=\skip52
\ta@temp=\skip53
\footheight=\skip54
Package typearea Info: These are the values describing the layout:
(typearea)             DIV  = 10
(typearea)             BCOR = 0.0pt
(typearea)             \paperwidth      = 597.50793pt
(typearea)              \textwidth      = 418.25555pt
(typearea)              DIV departure   = -6%
(typearea)              \evensidemargin = 17.3562pt
(typearea)              \oddsidemargin  = 17.3562pt
(typearea)             \paperheight     = 845.04694pt
(typearea)              \textheight     = 595.80026pt
(typearea)              \topmargin      = -25.16531pt
(typearea)              \headheight     = 17.0pt
(typearea)              \headsep        = 20.40001pt
(typearea)              \topskip        = 11.0pt
(typearea)              \footskip       = 47.6pt
(typearea)              \baselineskip   = 13.6pt
(typearea)              on input line 1799.
)
\c@part=\count195
\c@section=\count196
\c@subsection=\count197
\c@subsubsection=\count198
\c@paragraph=\count199
\c@subparagraph=\count266
\scr@dte@section@maxnumwidth=\skip55
Class scrartcl Info: using compatibility default `runin=bysign'
(scrartcl)           for `\section on input line 5082.
Class scrartcl Info: using compatibility default `afterindent=bysign'
(scrartcl)           for `\section on input line 5082.
\scr@dte@part@maxnumwidth=\skip56
Class scrartcl Info: using compatibility default `afterindent=false'
(scrartcl)           for `\part on input line 5090.
\scr@dte@subsection@maxnumwidth=\skip57
Class scrartcl Info: using compatibility default `runin=bysign'
(scrartcl)           for `\subsection on input line 5100.
Class scrartcl Info: using compatibility default `afterindent=bysign'
(scrartcl)           for `\subsection on input line 5100.
\scr@dte@subsubsection@maxnumwidth=\skip58
Class scrartcl Info: using compatibility default `runin=bysign'
(scrartcl)           for `\subsubsection on input line 5110.
Class scrartcl Info: using compatibility default `afterindent=bysign'
(scrartcl)           for `\subsubsection on input line 5110.
\scr@dte@paragraph@maxnumwidth=\skip59
Class scrartcl Info: using compatibility default `runin=bysign'
(scrartcl)           for `\paragraph on input line 5121.
Class scrartcl Info: using compatibility default `afterindent=bysign'
(scrartcl)           for `\paragraph on input line 5121.
\scr@dte@subparagraph@maxnumwidth=\skip60
Class scrartcl Info: using compatibility default `runin=bysign'
(scrartcl)           for `\subparagraph on input line 5131.
Class scrartcl Info: using compatibility default `afterindent=bysign'
(scrartcl)           for `\subparagraph on input line 5131.
\abovecaptionskip=\skip61
\belowcaptionskip=\skip62
\c@pti@nb@sid@b@x=\box53
Package tocbasic Info: omitting babel extension for `lof'
(tocbasic)             because of feature `nobabel' available
(tocbasic)             for `lof' on input line 6309.
\scr@dte@figure@maxnumwidth=\skip63
\c@figure=\count267
Package tocbasic Info: omitting babel extension for `lot'
(tocbasic)             because of feature `nobabel' available
(tocbasic)             for `lot' on input line 6325.
\scr@dte@table@maxnumwidth=\skip64
\c@table=\count268
Class scrartcl Info: Redefining `\numberline' on input line 6495.
\bibindent=\dimen141
) (../template/evan.sty
Package: ../template/evan 
 (c:/Program Files/texlive/2024/texmf-dist/tex/latex/amsmath/amsmath.sty
Package: amsmath 2024/05/23 v2.17q AMS math features
\@mathmargin=\skip65

For additional information on amsmath, use the `?' option.
(c:/Program Files/texlive/2024/texmf-dist/tex/latex/amsmath/amstext.sty
Package: amstext 2021/08/26 v2.01 AMS text
 (c:/Program Files/texlive/2024/texmf-dist/tex/latex/amsmath/amsgen.sty
File: amsgen.sty 1999/11/30 v2.0 generic functions
\@emptytoks=\toks18
\ex@=\dimen142
)) (c:/Program Files/texlive/2024/texmf-dist/tex/latex/amsmath/amsbsy.sty
Package: amsbsy 1999/11/29 v1.2d Bold Symbols
\pmbraise@=\dimen143
) (c:/Program Files/texlive/2024/texmf-dist/tex/latex/amsmath/amsopn.sty
Package: amsopn 2022/04/08 v2.04 operator names
)
\inf@bad=\count269
LaTeX Info: Redefining \frac on input line 233.
\uproot@=\count270
\leftroot@=\count271
LaTeX Info: Redefining \overline on input line 398.
LaTeX Info: Redefining \colon on input line 409.
\classnum@=\count272
\DOTSCASE@=\count273
LaTeX Info: Redefining \ldots on input line 495.
LaTeX Info: Redefining \dots on input line 498.
LaTeX Info: Redefining \cdots on input line 619.
\Mathstrutbox@=\box54
\strutbox@=\box55
LaTeX Info: Redefining \big on input line 721.
LaTeX Info: Redefining \Big on input line 722.
LaTeX Info: Redefining \bigg on input line 723.
LaTeX Info: Redefining \Bigg on input line 724.
\big@size=\dimen144
LaTeX Font Info:    Redeclaring font encoding OML on input line 742.
LaTeX Font Info:    Redeclaring font encoding OMS on input line 743.
\macc@depth=\count274
LaTeX Info: Redefining \bmod on input line 904.
LaTeX Info: Redefining \pmod on input line 909.
LaTeX Info: Redefining \smash on input line 939.
LaTeX Info: Redefining \relbar on input line 969.
LaTeX Info: Redefining \Relbar on input line 970.
\c@MaxMatrixCols=\count275
\dotsspace@=\muskip17
\c@parentequation=\count276
\dspbrk@lvl=\count277
\tag@help=\toks19
\row@=\count278
\column@=\count279
\maxfields@=\count280
\andhelp@=\toks20
\eqnshift@=\dimen145
\alignsep@=\dimen146
\tagshift@=\dimen147
\tagwidth@=\dimen148
\totwidth@=\dimen149
\lineht@=\dimen150
\@envbody=\toks21
\multlinegap=\skip66
\multlinetaggap=\skip67
\mathdisplay@stack=\toks22
LaTeX Info: Redefining \[ on input line 2953.
LaTeX Info: Redefining \] on input line 2954.
) (c:/Program Files/texlive/2024/texmf-dist/tex/latex/amsfonts/amssymb.sty
Package: amssymb 2013/01/14 v3.01 AMS font symbols
 (c:/Program Files/texlive/2024/texmf-dist/tex/latex/amsfonts/amsfonts.sty
Package: amsfonts 2013/01/14 v3.01 Basic AMSFonts support
\symAMSa=\mathgroup4
\symAMSb=\mathgroup5
LaTeX Font Info:    Redeclaring math symbol \hbar on input line 98.
LaTeX Font Info:    Overwriting math alphabet `\mathfrak' in version `bold'
(Font)                  U/euf/m/n --> U/euf/b/n on input line 106.
)) (c:/Program Files/texlive/2024/texmf-dist/tex/generic/iftex/iftex.sty
Package: iftex 2022/02/03 v1.0f TeX engine tests
) (c:/Program Files/texlive/2024/texmf-dist/tex/latex/yhmath/yhmath.sty
Package: yhmath 2020/03/17 v1.6
\symyhlargesymbols=\mathgroup6
LaTeX Font Info:    Redeclaring math accent \widetilde on input line 29.
LaTeX Font Info:    Redeclaring math accent \widehat on input line 30.
) (c:/Program Files/texlive/2024/texmf-dist/tex/latex/derivative/derivative.sty (c:/Program Files/texlive/2024/texmf-dist/tex/latex/l3kernel/expl3.sty
Package: expl3 2024-07-20 L3 programming layer (loader) 
 (c:/Program Files/texlive/2024/texmf-dist/tex/latex/l3backend/l3backend-pdftex.def
File: l3backend-pdftex.def 2024-05-08 L3 backend support: PDF output (pdfTeX)
\l__color_backend_stack_int=\count281
\l__pdf_internal_box=\box56
)) (c:/Program Files/texlive/2024/texmf-dist/tex/latex/l3packages/l3keys2e/l3keys2e.sty
Package: l3keys2e 2024-05-08 LaTeX2e option processing using LaTeX3 keys
)
Package: derivative 2024/02/08 v1.4 Nice and easy derivatives and differentials for LaTeX
\l__deriv_gcd_counter_int=\count282
\l__deriv_vmo_int=\count283
\l__deriv_var_count_int=\count284
\l__deriv_tmpa_int=\count285
\l__deriv_tmpb_int=\count286
\l__deriv_seq_pos_int=\count287
\l__deriv_sort_max_int=\count288
) (c:/Program Files/texlive/2024/texmf-dist/tex/latex/asymptote/asymptote.sty
Package: asymptote 2024/02/26 v1.38 Asymptote style file for LaTeX
 (c:/Users/olive/Documents/maths/Cambridge/cam-notes/pdf/render/probability.pre)
\ASYbox=\box57
\ASYdimen=\dimen151
\c@asy=\count289
\AsyStream=\write3
\AsyPreStream=\write4
 (c:/Program Files/texlive/2024/texmf-dist/tex/latex/base/ifthen.sty
Package: ifthen 2024/03/16 v1.1e Standard LaTeX ifthen package (DPC)
) (c:/Program Files/texlive/2024/texmf-dist/tex/latex/graphics/graphicx.sty
Package: graphicx 2021/09/16 v1.2d Enhanced LaTeX Graphics (DPC,SPQR)
 (c:/Program Files/texlive/2024/texmf-dist/tex/latex/graphics/graphics.sty
Package: graphics 2024/05/23 v1.4g Standard LaTeX Graphics (DPC,SPQR)
 (c:/Program Files/texlive/2024/texmf-dist/tex/latex/graphics/trig.sty
Package: trig 2023/12/02 v1.11 sin cos tan (DPC)
) (c:/Program Files/texlive/2024/texmf-dist/tex/latex/graphics-cfg/graphics.cfg
File: graphics.cfg 2016/06/04 v1.11 sample graphics configuration
)
Package graphics Info: Driver file: pdftex.def on input line 106.
 (c:/Program Files/texlive/2024/texmf-dist/tex/latex/graphics-def/pdftex.def
File: pdftex.def 2024/04/13 v1.2c Graphics/color driver for pdftex
))
\Gin@req@height=\dimen152
\Gin@req@width=\dimen153
) (c:/Program Files/texlive/2024/texmf-dist/tex/generic/iftex/ifpdf.sty
Package: ifpdf 2019/10/25 v3.4 ifpdf legacy package. Use iftex instead.
) (c:/Program Files/texlive/2024/texmf-dist/tex/generic/iftex/ifxetex.sty
Package: ifxetex 2019/10/25 v0.7 ifxetex legacy package. Use iftex instead.
) (c:/Program Files/texlive/2024/texmf-dist/tex/generic/catchfile/catchfile.sty
Package: catchfile 2019/12/09 v1.8 Catch the contents of a file (HO)
 (c:/Program Files/texlive/2024/texmf-dist/tex/generic/infwarerr/infwarerr.sty
Package: infwarerr 2019/12/03 v1.5 Providing info/warning/error messages (HO)
) (c:/Program Files/texlive/2024/texmf-dist/tex/generic/ltxcmds/ltxcmds.sty
Package: ltxcmds 2023-12-04 v1.26 LaTeX kernel commands for general use (HO)
) (c:/Program Files/texlive/2024/texmf-dist/tex/generic/etexcmds/etexcmds.sty
Package: etexcmds 2019/12/15 v1.7 Avoid name clashes with e-TeX commands (HO)
))
\openout4 = `probability.pre'.

) (c:/Program Files/texlive/2024/texmf-dist/tex/latex/xcolor/xcolor.sty
Package: xcolor 2023/11/15 v3.01 LaTeX color extensions (UK)
 (c:/Program Files/texlive/2024/texmf-dist/tex/latex/graphics-cfg/color.cfg
File: color.cfg 2016/01/02 v1.6 sample color configuration
)
Package xcolor Info: Driver file: pdftex.def on input line 274.
 (c:/Program Files/texlive/2024/texmf-dist/tex/latex/graphics/mathcolor.ltx)
Package xcolor Info: Model `cmy' substituted by `cmy0' on input line 1350.
Package xcolor Info: Model `hsb' substituted by `rgb' on input line 1354.
Package xcolor Info: Model `RGB' extended on input line 1366.
Package xcolor Info: Model `HTML' substituted by `rgb' on input line 1368.
Package xcolor Info: Model `Hsb' substituted by `hsb' on input line 1369.
Package xcolor Info: Model `tHsb' substituted by `hsb' on input line 1370.
Package xcolor Info: Model `HSB' substituted by `hsb' on input line 1371.
Package xcolor Info: Model `Gray' substituted by `gray' on input line 1372.
Package xcolor Info: Model `wave' substituted by `hsb' on input line 1373.
) (c:/Program Files/texlive/2024/texmf-dist/tex/latex/xcolor/svgnam.def
File: svgnam.def 2023/11/15 v3.01 Predefined colors according to SVG 1.1 (UK)
) (c:/Program Files/texlive/2024/texmf-dist/tex/latex/graphics/dvipsnam.def
File: dvipsnam.def 2016/06/17 v3.0m Driver-dependent file (DPC,SPQR)
) (c:/Program Files/texlive/2024/texmf-dist/tex/latex/colortbl/colortbl.sty
Package: colortbl 2024/07/06 v1.0i Color table columns (DPC)
 (c:/Program Files/texlive/2024/texmf-dist/tex/latex/tools/array.sty
Package: array 2024/06/14 v2.6d Tabular extension package (FMi)
\col@sep=\dimen154
\ar@mcellbox=\box58
\extrarowheight=\dimen155
\NC@list=\toks23
\extratabsurround=\skip68
\backup@length=\skip69
\ar@cellbox=\box59
)
\everycr=\toks24
\minrowclearance=\skip70
\rownum=\count290
) (c:/Program Files/texlive/2024/texmf-dist/tex/latex/hyperref/hyperref.sty
Package: hyperref 2024-07-10 v7.01j Hypertext links for LaTeX
 (c:/Program Files/texlive/2024/texmf-dist/tex/latex/kvsetkeys/kvsetkeys.sty
Package: kvsetkeys 2022-10-05 v1.19 Key value parser (HO)
) (c:/Program Files/texlive/2024/texmf-dist/tex/generic/kvdefinekeys/kvdefinekeys.sty
Package: kvdefinekeys 2019-12-19 v1.6 Define keys (HO)
) (c:/Program Files/texlive/2024/texmf-dist/tex/generic/pdfescape/pdfescape.sty
Package: pdfescape 2019/12/09 v1.15 Implements pdfTeX's escape features (HO)
 (c:/Program Files/texlive/2024/texmf-dist/tex/generic/pdftexcmds/pdftexcmds.sty
Package: pdftexcmds 2020-06-27 v0.33 Utility functions of pdfTeX for LuaTeX (HO)
Package pdftexcmds Info: \pdf@primitive is available.
Package pdftexcmds Info: \pdf@ifprimitive is available.
Package pdftexcmds Info: \pdfdraftmode found.
)) (c:/Program Files/texlive/2024/texmf-dist/tex/latex/hycolor/hycolor.sty
Package: hycolor 2020-01-27 v1.10 Color options for hyperref/bookmark (HO)
) (c:/Program Files/texlive/2024/texmf-dist/tex/latex/hyperref/nameref.sty
Package: nameref 2023-11-26 v2.56 Cross-referencing by name of section
 (c:/Program Files/texlive/2024/texmf-dist/tex/latex/refcount/refcount.sty
Package: refcount 2019/12/15 v3.6 Data extraction from label references (HO)
) (c:/Program Files/texlive/2024/texmf-dist/tex/generic/gettitlestring/gettitlestring.sty
Package: gettitlestring 2019/12/15 v1.6 Cleanup title references (HO)
 (c:/Program Files/texlive/2024/texmf-dist/tex/latex/kvoptions/kvoptions.sty
Package: kvoptions 2022-06-15 v3.15 Key value format for package options (HO)
))
\c@section@level=\count291
) (c:/Program Files/texlive/2024/texmf-dist/tex/latex/etoolbox/etoolbox.sty
Package: etoolbox 2020/10/05 v2.5k e-TeX tools for LaTeX (JAW)
\etb@tempcnta=\count292
) (c:/Program Files/texlive/2024/texmf-dist/tex/generic/stringenc/stringenc.sty
Package: stringenc 2019/11/29 v1.12 Convert strings between diff. encodings (HO)
)
\@linkdim=\dimen156
\Hy@linkcounter=\count293
\Hy@pagecounter=\count294
 (c:/Program Files/texlive/2024/texmf-dist/tex/latex/hyperref/pd1enc.def
File: pd1enc.def 2024-07-10 v7.01j Hyperref: PDFDocEncoding definition (HO)
Now handling font encoding PD1 ...
... no UTF-8 mapping file for font encoding PD1
) (c:/Program Files/texlive/2024/texmf-dist/tex/generic/intcalc/intcalc.sty
Package: intcalc 2019/12/15 v1.3 Expandable calculations with integers (HO)
)
\Hy@SavedSpaceFactor=\count295
 (c:/Program Files/texlive/2024/texmf-dist/tex/latex/hyperref/puenc.def
File: puenc.def 2024-07-10 v7.01j Hyperref: PDF Unicode definition (HO)
Now handling font encoding PU ...
... no UTF-8 mapping file for font encoding PU
)
Package hyperref Info: Option `colorlinks' set `true' on input line 4040.
Package hyperref Info: Option `pdfusetitle' set `true' on input line 4040.
Package hyperref Info: Hyper figures OFF on input line 4157.
Package hyperref Info: Link nesting OFF on input line 4162.
Package hyperref Info: Hyper index ON on input line 4165.
Package hyperref Info: Plain pages OFF on input line 4172.
Package hyperref Info: Backreferencing OFF on input line 4177.
Package hyperref Info: Implicit mode ON; LaTeX internals redefined.
Package hyperref Info: Bookmarks ON on input line 4424.
\c@Hy@tempcnt=\count296
 (c:/Program Files/texlive/2024/texmf-dist/tex/latex/url/url.sty
\Urlmuskip=\muskip18
Package: url 2013/09/16  ver 3.4  Verb mode for urls, etc.
)
LaTeX Info: Redefining \url on input line 4763.
\XeTeXLinkMargin=\dimen157
 (c:/Program Files/texlive/2024/texmf-dist/tex/generic/bitset/bitset.sty
Package: bitset 2019/12/09 v1.3 Handle bit-vector datatype (HO)
 (c:/Program Files/texlive/2024/texmf-dist/tex/generic/bigintcalc/bigintcalc.sty
Package: bigintcalc 2019/12/15 v1.5 Expandable calculations on big integers (HO)
))
\Fld@menulength=\count297
\Field@Width=\dimen158
\Fld@charsize=\dimen159
Package hyperref Info: Hyper figures OFF on input line 6042.
Package hyperref Info: Link nesting OFF on input line 6047.
Package hyperref Info: Hyper index ON on input line 6050.
Package hyperref Info: backreferencing OFF on input line 6057.
Package hyperref Info: Link coloring ON on input line 6060.
Package hyperref Info: Link coloring with OCG OFF on input line 6067.
Package hyperref Info: PDF/A mode OFF on input line 6072.
 (c:/Program Files/texlive/2024/texmf-dist/tex/latex/base/atbegshi-ltx.sty
Package: atbegshi-ltx 2021/01/10 v1.0c Emulation of the original atbegshi
package with kernel methods
)
\Hy@abspage=\count298
\c@Item=\count299
\c@Hfootnote=\count300
)
Package hyperref Info: Driver (autodetected): hpdftex.
 (c:/Program Files/texlive/2024/texmf-dist/tex/latex/hyperref/hpdftex.def
File: hpdftex.def 2024-07-10 v7.01j Hyperref driver for pdfTeX
 (c:/Program Files/texlive/2024/texmf-dist/tex/latex/base/atveryend-ltx.sty
Package: atveryend-ltx 2020/08/19 v1.0a Emulation of the original atveryend package
with kernel methods
)
\Fld@listcount=\count301
\c@bookmark@seq@number=\count302
 (c:/Program Files/texlive/2024/texmf-dist/tex/latex/rerunfilecheck/rerunfilecheck.sty
Package: rerunfilecheck 2022-07-10 v1.10 Rerun checks for auxiliary files (HO)
 (c:/Program Files/texlive/2024/texmf-dist/tex/generic/uniquecounter/uniquecounter.sty
Package: uniquecounter 2019/12/15 v1.4 Provide unlimited unique counter (HO)
)
Package uniquecounter Info: New unique counter `rerunfilecheck' on input line 285.
)
\Hy@SectionHShift=\skip71
) (c:/Program Files/texlive/2024/texmf-dist/tex/latex/cleveref/cleveref.sty
Package: cleveref 2018/03/27 v0.21.4 Intelligent cross-referencing
Package cleveref Info: `hyperref' support loaded on input line 2370.
LaTeX Info: Redefining \cref on input line 2370.
LaTeX Info: Redefining \Cref on input line 2370.
LaTeX Info: Redefining \crefrange on input line 2370.
LaTeX Info: Redefining \Crefrange on input line 2370.
LaTeX Info: Redefining \cpageref on input line 2370.
LaTeX Info: Redefining \Cpageref on input line 2370.
LaTeX Info: Redefining \cpagerefrange on input line 2370.
LaTeX Info: Redefining \Cpagerefrange on input line 2370.
LaTeX Info: Redefining \labelcref on input line 2370.
LaTeX Info: Redefining \labelcpageref on input line 2370.
Package cleveref Info: include cross-reference names in hyperlinks on input line 7836.
Package cleveref Info: include cross-reference names in hyperlinks on input line 7852.
) (c:/Program Files/texlive/2024/texmf-dist/tex/latex/amscls/amsthm.sty
Package: amsthm 2020/05/29 v2.20.6
\thm@style=\toks25
\thm@bodyfont=\toks26
\thm@headfont=\toks27
\thm@notefont=\toks28
\thm@headpunct=\toks29
\thm@preskip=\skip72
\thm@postskip=\skip73
\thm@headsep=\skip74
\dth@everypar=\toks30
) (c:/Program Files/texlive/2024/texmf-dist/tex/latex/xpatch/xpatch.sty
Package: xpatch 2020/03/25 v0.3a Extending etoolbox patching commands
 (c:/Program Files/texlive/2024/texmf-dist/tex/latex/l3packages/xparse/xparse.sty
Package: xparse 2024-05-08 L3 Experimental document command parser
))
Class scrartcl Info: amsthm's \deferred@thm@head patched.
 (c:/Program Files/texlive/2024/texmf-dist/tex/latex/thmtools/thmtools.sty
Package: thmtools 2023/05/04 v0.76
\thmt@toks=\toks31
\c@thmt@dummyctr=\count303
 (c:/Program Files/texlive/2024/texmf-dist/tex/latex/thmtools/thm-patch.sty
Package: thm-patch 2023/05/04 v0.76
 (c:/Program Files/texlive/2024/texmf-dist/tex/latex/thmtools/parseargs.sty
Package: parseargs 2023/05/04 v0.76
\@parsespec=\toks32
)) (c:/Program Files/texlive/2024/texmf-dist/tex/latex/thmtools/thm-kv.sty
Package: thm-kv 2023/05/04 v0.76
Package thm-kv Info: Theorem names will be uppercased on input line 42.
Package thm-kv Info: kvsetkeys patch (v1.16 or later) on input line 158.
) (c:/Program Files/texlive/2024/texmf-dist/tex/latex/thmtools/thm-autoref.sty
Package: thm-autoref 2023/05/04 v0.76
 (c:/Program Files/texlive/2024/texmf-dist/tex/latex/thmtools/aliasctr.sty
Package: aliasctr 2023/05/04 v0.76
)) (c:/Program Files/texlive/2024/texmf-dist/tex/latex/thmtools/thm-listof.sty
Package: thm-listof 2023/05/04 v0.76
) (c:/Program Files/texlive/2024/texmf-dist/tex/latex/thmtools/thm-restate.sty
Package: thm-restate 2023/05/04 v0.76
) (c:/Program Files/texlive/2024/texmf-dist/tex/latex/thmtools/thm-amsthm.sty
Package: thm-amsthm 2023/05/04 v0.76
\thmt@style@headstyle=\toks33
))
Package hyperref Info: Option `hypertexnames' set `false' on input line 478.
 (c:/Program Files/texlive/2024/texmf-dist/tex/latex/mdframed/mdframed.sty
Package: mdframed 2013/07/01 1.9b: mdframed
 (c:/Program Files/texlive/2024/texmf-dist/tex/latex/zref/zref-abspage.sty
Package: zref-abspage 2023-09-14 v2.35 Module abspage for zref (HO)
 (c:/Program Files/texlive/2024/texmf-dist/tex/latex/zref/zref-base.sty
Package: zref-base 2023-09-14 v2.35 Module base for zref (HO)
 (c:/Program Files/texlive/2024/texmf-dist/tex/latex/auxhook/auxhook.sty
Package: auxhook 2019-12-17 v1.6 Hooks for auxiliary files (HO)
)
Package zref Info: New property list: main on input line 767.
Package zref Info: New property: default on input line 768.
Package zref Info: New property: page on input line 769.
)
\c@abspage=\count304
Package zref Info: New property: abspage on input line 67.
) (c:/Program Files/texlive/2024/texmf-dist/tex/latex/needspace/needspace.sty
Package: needspace 2010/09/12 v1.3d reserve vertical space
)
\mdf@templength=\skip75
\c@mdf@globalstyle@cnt=\count305
\mdf@skipabove@length=\skip76
\mdf@skipbelow@length=\skip77
\mdf@leftmargin@length=\skip78
\mdf@rightmargin@length=\skip79
\mdf@innerleftmargin@length=\skip80
\mdf@innerrightmargin@length=\skip81
\mdf@innertopmargin@length=\skip82
\mdf@innerbottommargin@length=\skip83
\mdf@splittopskip@length=\skip84
\mdf@splitbottomskip@length=\skip85
\mdf@outermargin@length=\skip86
\mdf@innermargin@length=\skip87
\mdf@linewidth@length=\skip88
\mdf@innerlinewidth@length=\skip89
\mdf@middlelinewidth@length=\skip90
\mdf@outerlinewidth@length=\skip91
\mdf@roundcorner@length=\skip92
\mdf@footenotedistance@length=\skip93
\mdf@userdefinedwidth@length=\skip94
\mdf@needspace@length=\skip95
\mdf@frametitleaboveskip@length=\skip96
\mdf@frametitlebelowskip@length=\skip97
\mdf@frametitlerulewidth@length=\skip98
\mdf@frametitleleftmargin@length=\skip99
\mdf@frametitlerightmargin@length=\skip100
\mdf@shadowsize@length=\skip101
\mdf@extratopheight@length=\skip102
\mdf@subtitleabovelinewidth@length=\skip103
\mdf@subtitlebelowlinewidth@length=\skip104
\mdf@subtitleaboveskip@length=\skip105
\mdf@subtitlebelowskip@length=\skip106
\mdf@subtitleinneraboveskip@length=\skip107
\mdf@subtitleinnerbelowskip@length=\skip108
\mdf@subsubtitleabovelinewidth@length=\skip109
\mdf@subsubtitlebelowlinewidth@length=\skip110
\mdf@subsubtitleaboveskip@length=\skip111
\mdf@subsubtitlebelowskip@length=\skip112
\mdf@subsubtitleinneraboveskip@length=\skip113
\mdf@subsubtitleinnerbelowskip@length=\skip114
 (c:/Program Files/texlive/2024/texmf-dist/tex/latex/pgf/frontendlayer/tikz.sty (c:/Program Files/texlive/2024/texmf-dist/tex/latex/pgf/basiclayer/pgf.sty (c:/Program Files/texlive/2024/texmf-dist/tex/latex/pgf/utilities/pgfrcs.sty (c:/Program Files/texlive/2024/texmf-dist/tex/generic/pgf/utilities/pgfutil-common.tex
\pgfutil@everybye=\toks34
\pgfutil@tempdima=\dimen160
\pgfutil@tempdimb=\dimen161
) (c:/Program Files/texlive/2024/texmf-dist/tex/generic/pgf/utilities/pgfutil-latex.def
\pgfutil@abb=\box60
) (c:/Program Files/texlive/2024/texmf-dist/tex/generic/pgf/utilities/pgfrcs.code.tex (c:/Program Files/texlive/2024/texmf-dist/tex/generic/pgf/pgf.revision.tex)
Package: pgfrcs 2023-01-15 v3.1.10 (3.1.10)
))
Package: pgf 2023-01-15 v3.1.10 (3.1.10)
 (c:/Program Files/texlive/2024/texmf-dist/tex/latex/pgf/basiclayer/pgfcore.sty (c:/Program Files/texlive/2024/texmf-dist/tex/latex/pgf/systemlayer/pgfsys.sty (c:/Program Files/texlive/2024/texmf-dist/tex/generic/pgf/systemlayer/pgfsys.code.tex
Package: pgfsys 2023-01-15 v3.1.10 (3.1.10)
 (c:/Program Files/texlive/2024/texmf-dist/tex/generic/pgf/utilities/pgfkeys.code.tex
\pgfkeys@pathtoks=\toks35
\pgfkeys@temptoks=\toks36
 (c:/Program Files/texlive/2024/texmf-dist/tex/generic/pgf/utilities/pgfkeyslibraryfiltered.code.tex
\pgfkeys@tmptoks=\toks37
))
\pgf@x=\dimen162
\pgf@y=\dimen163
\pgf@xa=\dimen164
\pgf@ya=\dimen165
\pgf@xb=\dimen166
\pgf@yb=\dimen167
\pgf@xc=\dimen168
\pgf@yc=\dimen169
\pgf@xd=\dimen170
\pgf@yd=\dimen171
\w@pgf@writea=\write5
\r@pgf@reada=\read2
\c@pgf@counta=\count306
\c@pgf@countb=\count307
\c@pgf@countc=\count308
\c@pgf@countd=\count309
\t@pgf@toka=\toks38
\t@pgf@tokb=\toks39
\t@pgf@tokc=\toks40
\pgf@sys@id@count=\count310
 (c:/Program Files/texlive/2024/texmf-dist/tex/generic/pgf/systemlayer/pgf.cfg
File: pgf.cfg 2023-01-15 v3.1.10 (3.1.10)
)
Driver file for pgf: pgfsys-pdftex.def
 (c:/Program Files/texlive/2024/texmf-dist/tex/generic/pgf/systemlayer/pgfsys-pdftex.def
File: pgfsys-pdftex.def 2023-01-15 v3.1.10 (3.1.10)
 (c:/Program Files/texlive/2024/texmf-dist/tex/generic/pgf/systemlayer/pgfsys-common-pdf.def
File: pgfsys-common-pdf.def 2023-01-15 v3.1.10 (3.1.10)
))) (c:/Program Files/texlive/2024/texmf-dist/tex/generic/pgf/systemlayer/pgfsyssoftpath.code.tex
File: pgfsyssoftpath.code.tex 2023-01-15 v3.1.10 (3.1.10)
\pgfsyssoftpath@smallbuffer@items=\count311
\pgfsyssoftpath@bigbuffer@items=\count312
) (c:/Program Files/texlive/2024/texmf-dist/tex/generic/pgf/systemlayer/pgfsysprotocol.code.tex
File: pgfsysprotocol.code.tex 2023-01-15 v3.1.10 (3.1.10)
)) (c:/Program Files/texlive/2024/texmf-dist/tex/generic/pgf/basiclayer/pgfcore.code.tex
Package: pgfcore 2023-01-15 v3.1.10 (3.1.10)
 (c:/Program Files/texlive/2024/texmf-dist/tex/generic/pgf/math/pgfmath.code.tex (c:/Program Files/texlive/2024/texmf-dist/tex/generic/pgf/math/pgfmathutil.code.tex) (c:/Program Files/texlive/2024/texmf-dist/tex/generic/pgf/math/pgfmathparser.code.tex
\pgfmath@dimen=\dimen172
\pgfmath@count=\count313
\pgfmath@box=\box61
\pgfmath@toks=\toks41
\pgfmath@stack@operand=\toks42
\pgfmath@stack@operation=\toks43
) (c:/Program Files/texlive/2024/texmf-dist/tex/generic/pgf/math/pgfmathfunctions.code.tex) (c:/Program Files/texlive/2024/texmf-dist/tex/generic/pgf/math/pgfmathfunctions.basic.code.tex) (c:/Program Files/texlive/2024/texmf-dist/tex/generic/pgf/math/pgfmathfunctions.trigonometric.code.tex) (c:/Program Files/texlive/2024/texmf-dist/tex/generic/pgf/math/pgfmathfunctions.random.code.tex) (c:/Program Files/texlive/2024/texmf-dist/tex/generic/pgf/math/pgfmathfunctions.comparison.code.tex) (c:/Program Files/texlive/2024/texmf-dist/tex/generic/pgf/math/pgfmathfunctions.base.code.tex) (c:/Program Files/texlive/2024/texmf-dist/tex/generic/pgf/math/pgfmathfunctions.round.code.tex) (c:/Program Files/texlive/2024/texmf-dist/tex/generic/pgf/math/pgfmathfunctions.misc.code.tex) (c:/Program Files/texlive/2024/texmf-dist/tex/generic/pgf/math/pgfmathfunctions.integerarithmetics.code.tex) (c:/Program Files/texlive/2024/texmf-dist/tex/generic/pgf/math/pgfmathcalc.code.tex) (c:/Program Files/texlive/2024/texmf-dist/tex/generic/pgf/math/pgfmathfloat.code.tex
\c@pgfmathroundto@lastzeros=\count314
)) (c:/Program Files/texlive/2024/texmf-dist/tex/generic/pgf/math/pgfint.code.tex) (c:/Program Files/texlive/2024/texmf-dist/tex/generic/pgf/basiclayer/pgfcorepoints.code.tex
File: pgfcorepoints.code.tex 2023-01-15 v3.1.10 (3.1.10)
\pgf@picminx=\dimen173
\pgf@picmaxx=\dimen174
\pgf@picminy=\dimen175
\pgf@picmaxy=\dimen176
\pgf@pathminx=\dimen177
\pgf@pathmaxx=\dimen178
\pgf@pathminy=\dimen179
\pgf@pathmaxy=\dimen180
\pgf@xx=\dimen181
\pgf@xy=\dimen182
\pgf@yx=\dimen183
\pgf@yy=\dimen184
\pgf@zx=\dimen185
\pgf@zy=\dimen186
) (c:/Program Files/texlive/2024/texmf-dist/tex/generic/pgf/basiclayer/pgfcorepathconstruct.code.tex
File: pgfcorepathconstruct.code.tex 2023-01-15 v3.1.10 (3.1.10)
\pgf@path@lastx=\dimen187
\pgf@path@lasty=\dimen188
) (c:/Program Files/texlive/2024/texmf-dist/tex/generic/pgf/basiclayer/pgfcorepathusage.code.tex
File: pgfcorepathusage.code.tex 2023-01-15 v3.1.10 (3.1.10)
\pgf@shorten@end@additional=\dimen189
\pgf@shorten@start@additional=\dimen190
) (c:/Program Files/texlive/2024/texmf-dist/tex/generic/pgf/basiclayer/pgfcorescopes.code.tex
File: pgfcorescopes.code.tex 2023-01-15 v3.1.10 (3.1.10)
\pgfpic=\box62
\pgf@hbox=\box63
\pgf@layerbox@main=\box64
\pgf@picture@serial@count=\count315
) (c:/Program Files/texlive/2024/texmf-dist/tex/generic/pgf/basiclayer/pgfcoregraphicstate.code.tex
File: pgfcoregraphicstate.code.tex 2023-01-15 v3.1.10 (3.1.10)
\pgflinewidth=\dimen191
) (c:/Program Files/texlive/2024/texmf-dist/tex/generic/pgf/basiclayer/pgfcoretransformations.code.tex
File: pgfcoretransformations.code.tex 2023-01-15 v3.1.10 (3.1.10)
\pgf@pt@x=\dimen192
\pgf@pt@y=\dimen193
\pgf@pt@temp=\dimen194
) (c:/Program Files/texlive/2024/texmf-dist/tex/generic/pgf/basiclayer/pgfcorequick.code.tex
File: pgfcorequick.code.tex 2023-01-15 v3.1.10 (3.1.10)
) (c:/Program Files/texlive/2024/texmf-dist/tex/generic/pgf/basiclayer/pgfcoreobjects.code.tex
File: pgfcoreobjects.code.tex 2023-01-15 v3.1.10 (3.1.10)
) (c:/Program Files/texlive/2024/texmf-dist/tex/generic/pgf/basiclayer/pgfcorepathprocessing.code.tex
File: pgfcorepathprocessing.code.tex 2023-01-15 v3.1.10 (3.1.10)
) (c:/Program Files/texlive/2024/texmf-dist/tex/generic/pgf/basiclayer/pgfcorearrows.code.tex
File: pgfcorearrows.code.tex 2023-01-15 v3.1.10 (3.1.10)
\pgfarrowsep=\dimen195
) (c:/Program Files/texlive/2024/texmf-dist/tex/generic/pgf/basiclayer/pgfcoreshade.code.tex
File: pgfcoreshade.code.tex 2023-01-15 v3.1.10 (3.1.10)
\pgf@max=\dimen196
\pgf@sys@shading@range@num=\count316
\pgf@shadingcount=\count317
) (c:/Program Files/texlive/2024/texmf-dist/tex/generic/pgf/basiclayer/pgfcoreimage.code.tex
File: pgfcoreimage.code.tex 2023-01-15 v3.1.10 (3.1.10)
) (c:/Program Files/texlive/2024/texmf-dist/tex/generic/pgf/basiclayer/pgfcoreexternal.code.tex
File: pgfcoreexternal.code.tex 2023-01-15 v3.1.10 (3.1.10)
\pgfexternal@startupbox=\box65
) (c:/Program Files/texlive/2024/texmf-dist/tex/generic/pgf/basiclayer/pgfcorelayers.code.tex
File: pgfcorelayers.code.tex 2023-01-15 v3.1.10 (3.1.10)
) (c:/Program Files/texlive/2024/texmf-dist/tex/generic/pgf/basiclayer/pgfcoretransparency.code.tex
File: pgfcoretransparency.code.tex 2023-01-15 v3.1.10 (3.1.10)
)
(c:/Program Files/texlive/2024/texmf-dist/tex/generic/pgf/basiclayer/pgfcorepatterns.code.tex
File: pgfcorepatterns.code.tex 2023-01-15 v3.1.10 (3.1.10)
) (c:/Program Files/texlive/2024/texmf-dist/tex/generic/pgf/basiclayer/pgfcorerdf.code.tex
File: pgfcorerdf.code.tex 2023-01-15 v3.1.10 (3.1.10)
))) (c:/Program Files/texlive/2024/texmf-dist/tex/generic/pgf/modules/pgfmoduleshapes.code.tex
File: pgfmoduleshapes.code.tex 2023-01-15 v3.1.10 (3.1.10)
\pgfnodeparttextbox=\box66
) (c:/Program Files/texlive/2024/texmf-dist/tex/generic/pgf/modules/pgfmoduleplot.code.tex
File: pgfmoduleplot.code.tex 2023-01-15 v3.1.10 (3.1.10)
) (c:/Program Files/texlive/2024/texmf-dist/tex/latex/pgf/compatibility/pgfcomp-version-0-65.sty
Package: pgfcomp-version-0-65 2023-01-15 v3.1.10 (3.1.10)
\pgf@nodesepstart=\dimen197
\pgf@nodesepend=\dimen198
) (c:/Program Files/texlive/2024/texmf-dist/tex/latex/pgf/compatibility/pgfcomp-version-1-18.sty
Package: pgfcomp-version-1-18 2023-01-15 v3.1.10 (3.1.10)
)) (c:/Program Files/texlive/2024/texmf-dist/tex/latex/pgf/utilities/pgffor.sty (c:/Program Files/texlive/2024/texmf-dist/tex/latex/pgf/utilities/pgfkeys.sty (c:/Program Files/texlive/2024/texmf-dist/tex/generic/pgf/utilities/pgfkeys.code.tex)) (c:/Program Files/texlive/2024/texmf-dist/tex/latex/pgf/math/pgfmath.sty (c:/Program Files/texlive/2024/texmf-dist/tex/generic/pgf/math/pgfmath.code.tex)) (c:/Program Files/texlive/2024/texmf-dist/tex/generic/pgf/utilities/pgffor.code.tex
Package: pgffor 2023-01-15 v3.1.10 (3.1.10)
\pgffor@iter=\dimen199
\pgffor@skip=\dimen256
\pgffor@stack=\toks44
\pgffor@toks=\toks45
)) (c:/Program Files/texlive/2024/texmf-dist/tex/generic/pgf/frontendlayer/tikz/tikz.code.tex
Package: tikz 2023-01-15 v3.1.10 (3.1.10)
 (c:/Program Files/texlive/2024/texmf-dist/tex/generic/pgf/libraries/pgflibraryplothandlers.code.tex
File: pgflibraryplothandlers.code.tex 2023-01-15 v3.1.10 (3.1.10)
\pgf@plot@mark@count=\count318
\pgfplotmarksize=\dimen257
)
\tikz@lastx=\dimen258
\tikz@lasty=\dimen259
\tikz@lastxsaved=\dimen260
\tikz@lastysaved=\dimen261
\tikz@lastmovetox=\dimen262
\tikz@lastmovetoy=\dimen263
\tikzleveldistance=\dimen264
\tikzsiblingdistance=\dimen265
\tikz@figbox=\box67
\tikz@figbox@bg=\box68
\tikz@tempbox=\box69
\tikz@tempbox@bg=\box70
\tikztreelevel=\count319
\tikznumberofchildren=\count320
\tikznumberofcurrentchild=\count321
\tikz@fig@count=\count322
 (c:/Program Files/texlive/2024/texmf-dist/tex/generic/pgf/modules/pgfmodulematrix.code.tex
File: pgfmodulematrix.code.tex 2023-01-15 v3.1.10 (3.1.10)
\pgfmatrixcurrentrow=\count323
\pgfmatrixcurrentcolumn=\count324
\pgf@matrix@numberofcolumns=\count325
)
\tikz@expandcount=\count326
 (c:/Program Files/texlive/2024/texmf-dist/tex/generic/pgf/frontendlayer/tikz/libraries/tikzlibrarytopaths.code.tex
File: tikzlibrarytopaths.code.tex 2023-01-15 v3.1.10 (3.1.10)
))) (c:/Program Files/texlive/2024/texmf-dist/tex/latex/mdframed/md-frame-1.mdf
File: md-frame-1.mdf 2013/07/01\ 1.9b: md-frame-1
)
\mdf@frametitlebox=\box71
\mdf@footnotebox=\box72
\mdf@splitbox@one=\box73
\mdf@splitbox@two=\box74
\mdf@splitbox@save=\box75
\mdfsplitboxwidth=\skip115
\mdfsplitboxtotalwidth=\skip116
\mdfsplitboxheight=\skip117
\mdfsplitboxdepth=\skip118
\mdfsplitboxtotalheight=\skip119
\mdfframetitleboxwidth=\skip120
\mdfframetitleboxtotalwidth=\skip121
\mdfframetitleboxheight=\skip122
\mdfframetitleboxdepth=\skip123
\mdfframetitleboxtotalheight=\skip124
\mdffootnoteboxwidth=\skip125
\mdffootnoteboxtotalwidth=\skip126
\mdffootnoteboxheight=\skip127
\mdffootnoteboxdepth=\skip128
\mdffootnoteboxtotalheight=\skip129
\mdftotallinewidth=\skip130
\mdfboundingboxwidth=\skip131
\mdfboundingboxtotalwidth=\skip132
\mdfboundingboxheight=\skip133
\mdfboundingboxdepth=\skip134
\mdfboundingboxtotalheight=\skip135
\mdf@freevspace@length=\skip136
\mdf@horizontalwidthofbox@length=\skip137
\mdf@verticalmarginwhole@length=\skip138
\mdf@horizontalspaceofbox=\skip139
\mdfsubtitleheight=\skip140
\mdfsubsubtitleheight=\skip141
\c@mdfcountframes=\count327

****** mdframed patching \endmdf@trivlist

****** -- success******

\mdf@envdepth=\count328
\c@mdf@env@i=\count329
\c@mdf@env@ii=\count330
\c@mdf@zref@counter=\count331
Package zref Info: New property: mdf@pagevalue on input line 895.
) (c:/Program Files/texlive/2024/texmf-dist/tex/generic/pgf/frontendlayer/tikz/libraries/tikzlibraryshadows.code.tex
File: tikzlibraryshadows.code.tex 2023-01-15 v3.1.10 (3.1.10)
 (c:/Program Files/texlive/2024/texmf-dist/tex/generic/pgf/frontendlayer/tikz/libraries/tikzlibraryfadings.code.tex
File: tikzlibraryfadings.code.tex 2023-01-15 v3.1.10 (3.1.10)
 (c:/Program Files/texlive/2024/texmf-dist/tex/generic/pgf/libraries/pgflibraryfadings.code.tex
File: pgflibraryfadings.code.tex 2023-01-15 v3.1.10 (3.1.10)
)))
Package thmtools Info: Key `mdframed' (with value `style=mdbluebox')
(thmtools)             is not a known style key.
(thmtools)             Will pass this to every \declaretheorem
(thmtools)             that uses `style=thmbluebox' on input line 513.
Package thmtools Info: Key `mdframed' (with value `style=mdredbox')
(thmtools)             is not a known style key.
(thmtools)             Will pass this to every \declaretheorem
(thmtools)             that uses `style=thmredbox' on input line 533.
Package thmtools Info: Key `mdframed' (with value `style=mdgreenbox')
(thmtools)             is not a known style key.
(thmtools)             Will pass this to every \declaretheorem
(thmtools)             that uses `style=thmgreenbox' on input line 553.
Package thmtools Info: Key `mdframed' (with value `style=mdblackbox')
(thmtools)             is not a known style key.
(thmtools)             Will pass this to every \declaretheorem
(thmtools)             that uses `style=thmblackbox' on input line 571.
Package thmtools Info: Key `mdframed' (with value `style=mdpurplebox')
(thmtools)             is not a known style key.
(thmtools)             Will pass this to every \declaretheorem
(thmtools)             that uses `style=thmpurplebox' on input line 596.
Package thmtools Info: Automatically pulling in `thmdef-mdframed' on input line 607.
 (c:/Program Files/texlive/2024/texmf-dist/tex/latex/thmtools/thmdef-mdframed.sty
Package: thmdef-mdframed 2023/05/04 v0.76
)
\c@theorem=\count332
 (c:/Program Files/texlive/2024/texmf-dist/tex/latex/listings/listings.sty
\lst@mode=\count333
\lst@gtempboxa=\box76
\lst@token=\toks46
\lst@length=\count334
\lst@currlwidth=\dimen266
\lst@column=\count335
\lst@pos=\count336
\lst@lostspace=\dimen267
\lst@width=\dimen268
\lst@newlines=\count337
\lst@lineno=\count338
\lst@maxwidth=\dimen269
 (c:/Program Files/texlive/2024/texmf-dist/tex/latex/listings/lstpatch.sty
File: lstpatch.sty 2024/05/25 1.10b (Carsten Heinz)
) (c:/Program Files/texlive/2024/texmf-dist/tex/latex/listings/lstmisc.sty
File: lstmisc.sty 2024/05/25 1.10b (Carsten Heinz)
\c@lstnumber=\count339
\lst@skipnumbers=\count340
\lst@framebox=\box77
) (c:/Program Files/texlive/2024/texmf-dist/tex/latex/listings/listings.cfg
File: listings.cfg 2024/05/25 1.10b listings configuration
))
Package: listings 2024/05/25 1.10b (Carsten Heinz)
 (c:/Program Files/texlive/2024/texmf-dist/tex/latex/jknapltx/mathrsfs.sty
Package: mathrsfs 1996/01/01 Math RSFS package v1.0 (jk)
\symrsfs=\mathgroup7
) (c:/Program Files/texlive/2024/texmf-dist/tex/latex/base/textcomp.sty
Package: textcomp 2024/04/24 v2.1b Standard LaTeX package
) (c:/Program Files/texlive/2024/texmf-dist/tex/latex/enumitem/enumitem.sty
Package: enumitem 2019/06/20 v3.9 Customized lists
\labelindent=\skip142
\enit@outerparindent=\dimen270
\enit@toks=\toks47
\enit@inbox=\box78
\enit@count@id=\count341
\enitdp@description=\count342
) (c:/Program Files/texlive/2024/texmf-dist/tex/latex/todonotes/todonotes.sty
Package: todonotes 2024/01/05 v1.1.7 Todonotes source and documentation.
Package: todonotes 2024/01/05
 (c:/Program Files/texlive/2024/texmf-dist/tex/latex/xkeyval/xkeyval.sty
Package: xkeyval 2022/06/16 v2.9 package option processing (HA)
 (c:/Program Files/texlive/2024/texmf-dist/tex/generic/xkeyval/xkeyval.tex (c:/Program Files/texlive/2024/texmf-dist/tex/generic/xkeyval/xkvutils.tex
\XKV@toks=\toks48
\XKV@tempa@toks=\toks49
)
\XKV@depth=\count343
File: xkeyval.tex 2014/12/03 v2.7a key=value parser (HA)
)) (c:/Program Files/texlive/2024/texmf-dist/tex/generic/pgf/frontendlayer/tikz/libraries/tikzlibrarypositioning.code.tex
File: tikzlibrarypositioning.code.tex 2023-01-15 v3.1.10 (3.1.10)
) (c:/Program Files/texlive/2024/texmf-dist/tex/latex/tools/calc.sty
Package: calc 2023/07/08 v4.3 Infix arithmetic (KKT,FJ)
\calc@Acount=\count344
\calc@Bcount=\count345
\calc@Adimen=\dimen271
\calc@Bdimen=\dimen272
\calc@Askip=\skip143
\calc@Bskip=\skip144
LaTeX Info: Redefining \setlength on input line 80.
LaTeX Info: Redefining \addtolength on input line 81.
\calc@Ccount=\count346
\calc@Cskip=\skip145
)
\c@@todonotes@numberoftodonotes=\count347
) (c:/Program Files/texlive/2024/texmf-dist/tex/latex/multirow/multirow.sty
Package: multirow 2021/03/15 v2.8 Span multiple rows of a table
\multirow@colwidth=\skip146
\multirow@cntb=\count348
\multirow@dima=\skip147
\bigstrutjot=\dimen273
) (c:/Program Files/texlive/2024/texmf-dist/tex/latex/ellipsis/ellipsis.sty
Package: ellipsis 2020/05/22 v1.8 fixes spacing around ellipses (three dots)
 (c:/Program Files/texlive/2024/texmf-dist/tex/latex/tools/xspace.sty
Package: xspace 2014/10/28 v1.13 Space after command names (DPC,MH)
)
LaTeX Info: Redefining \textellipsis on input line 77.
) (c:/Program Files/texlive/2024/texmf-dist/tex/latex/epigraph/epigraph.sty
Package: epigraph 2020/01/02 v1.5e typesetting epigraphs
 (c:/Program Files/texlive/2024/texmf-dist/tex/latex/nextpage/nextpage.sty
Package: nextpage 2009/09/03 v1.1a additional page commands
)
\beforeepigraphskip=\skip148
\afterepigraphskip=\skip149
\epigraphwidth=\skip150
\epigraphrule=\skip151
) (c:/Program Files/texlive/2024/texmf-dist/tex/latex/mathtools/mathtools.sty
Package: mathtools 2024/03/11 v1.30 mathematical typesetting tools
 (c:/Program Files/texlive/2024/texmf-dist/tex/latex/mathtools/mhsetup.sty
Package: mhsetup 2021/03/18 v1.4 programming setup (MH)
)
\g_MT_multlinerow_int=\count349
\l_MT_multwidth_dim=\dimen274
\origjot=\skip152
\l_MT_shortvdotswithinadjustabove_dim=\dimen275
\l_MT_shortvdotswithinadjustbelow_dim=\dimen276
\l_MT_above_intertext_sep=\dimen277
\l_MT_below_intertext_sep=\dimen278
\l_MT_above_shortintertext_sep=\dimen279
\l_MT_below_shortintertext_sep=\dimen280
\xmathstrut@box=\box79
\xmathstrut@dim=\dimen281
) (c:/Program Files/texlive/2024/texmf-dist/tex/latex/microtype/microtype.sty
Package: microtype 2024/03/29 v3.1b Micro-typographical refinements (RS)
\MT@toks=\toks50
\MT@tempbox=\box80
\MT@count=\count350
LaTeX Info: Redefining \noprotrusionifhmode on input line 1061.
LaTeX Info: Redefining \leftprotrusion on input line 1062.
\MT@prot@toks=\toks51
LaTeX Info: Redefining \rightprotrusion on input line 1081.
LaTeX Info: Redefining \textls on input line 1392.
\MT@outer@kern=\dimen282
LaTeX Info: Redefining \textmicrotypecontext on input line 2013.
\MT@listname@count=\count351
 (c:/Program Files/texlive/2024/texmf-dist/tex/latex/microtype/microtype-pdftex.def
File: microtype-pdftex.def 2024/03/29 v3.1b Definitions specific to pdftex (RS)
LaTeX Info: Redefining \lsstyle on input line 902.
LaTeX Info: Redefining \lslig on input line 902.
\MT@outer@space=\skip153
)
Package microtype Info: Loading configuration file microtype.cfg.
 (c:/Program Files/texlive/2024/texmf-dist/tex/latex/microtype/microtype.cfg
File: microtype.cfg 2024/03/29 v3.1b microtype main configuration file (RS)
)) (c:/Program Files/texlive/2024/texmf-dist/tex/generic/xstring/xstring.sty (c:/Program Files/texlive/2024/texmf-dist/tex/generic/xstring/xstring.tex
\xs_counta=\count352
\xs_countb=\count353
)
Package: xstring 2023/08/22 v1.86 String manipulations (CT)
) (c:/Program Files/texlive/2024/texmf-dist/tex/latex/wrapfig/wrapfig.sty
\wrapoverhang=\dimen283
\WF@size=\dimen284
\c@WF@wrappedlines=\count354
\WF@box=\box81
\WF@everypar=\toks52
Package: wrapfig 2003/01/31  v 3.6
) (c:/Program Files/texlive/2024/texmf-dist/tex/latex/isodate/isodate.sty
Package: isodate 2010/01/03 v2.30 Print dates with different formats (HH)
 (c:/Program Files/texlive/2024/texmf-dist/tex/latex/substr/substr.sty
Package: substr 2009/10/20 v1.2 Handle substrings
\c@su@anzahl=\count355
) (c:/Program Files/texlive/2024/texmf-dist/tex/latex/isodate/english.idf
File: english.idf 2010/01/03 v2.30 Language definitions for isodate package (HH)

Define commands for English date format
)
\c@iso@tmpmonth=\count356
\c@iso@yeartwo=\count357
\c@iso@slash=\count358
\c@iso@minus=\count359
\c@iso@dot=\count360
\c@iso@@slash=\count361
\c@iso@@minus=\count362
\c@iso@@dot=\count363
) (c:/Program Files/texlive/2024/texmf-dist/tex/latex/tikz-cd/tikz-cd.sty
Package: tikz-cd 2021/05/04 v1.0 Commutative diagrams with TikZ
 (c:/Program Files/texlive/2024/texmf-dist/tex/generic/tikz-cd/tikzlibrarycd.code.tex (c:/Program Files/texlive/2024/texmf-dist/tex/generic/pgf/frontendlayer/tikz/libraries/tikzlibrarymatrix.code.tex
File: tikzlibrarymatrix.code.tex 2023-01-15 v3.1.10 (3.1.10)
) (c:/Program Files/texlive/2024/texmf-dist/tex/generic/pgf/frontendlayer/tikz/libraries/tikzlibraryquotes.code.tex
File: tikzlibraryquotes.code.tex 2023-01-15 v3.1.10 (3.1.10)
) (c:/Program Files/texlive/2024/texmf-dist/tex/generic/pgf/libraries/pgflibraryarrows.meta.code.tex
File: pgflibraryarrows.meta.code.tex 2023-01-15 v3.1.10 (3.1.10)
\pgfarrowinset=\dimen285
\pgfarrowlength=\dimen286
\pgfarrowwidth=\dimen287
\pgfarrowlinewidth=\dimen288
))) (c:/Program Files/texlive/2024/texmf-dist/tex/generic/pgf/frontendlayer/tikz/libraries/tikzlibrarydecorations.pathmorphing.code.tex (c:/Program Files/texlive/2024/texmf-dist/tex/generic/pgf/frontendlayer/tikz/libraries/tikzlibrarydecorations.code.tex (c:/Program Files/texlive/2024/texmf-dist/tex/generic/pgf/modules/pgfmoduledecorations.code.tex
\pgfdecoratedcompleteddistance=\dimen289
\pgfdecoratedremainingdistance=\dimen290
\pgfdecoratedinputsegmentcompleteddistance=\dimen291
\pgfdecoratedinputsegmentremainingdistance=\dimen292
\pgf@decorate@distancetomove=\dimen293
\pgf@decorate@repeatstate=\count364
\pgfdecorationsegmentamplitude=\dimen294
\pgfdecorationsegmentlength=\dimen295
)
\tikz@lib@dec@box=\box82
) (c:/Program Files/texlive/2024/texmf-dist/tex/generic/pgf/libraries/decorations/pgflibrarydecorations.pathmorphing.code.tex))
\c@walki=\count365
\c@walkii=\count366
\c@walkiii=\count367
\enitdp@walk=\count368
\c@rubrici=\count369
\c@rubricii=\count370
\enitdp@rubric=\count371
 (c:/Program Files/texlive/2024/texmf-dist/tex/latex/koma-script/scrlayer-scrpage.sty
Package: scrlayer-scrpage 2023/07/07 v3.41 KOMA-Script package (end user interface for scrlayer)
 (c:/Program Files/texlive/2024/texmf-dist/tex/latex/koma-script/scrlayer.sty
Package: scrlayer 2023/07/07 v3.41 KOMA-Script package (defining layers and page styles)
Package scrlayer Info: patching LaTeX kernel macro \pagestyle on input line 2183.
)
Package scrlayer-scrpage Info: Makeing stand-alone element `pagehead' from
(scrlayer-scrpage)             alias to `pageheadfoot' on input line 1106.
)
1: section
) (c:/Program Files/texlive/2024/texmf-dist/tex/latex/import/import.sty
Package: import 2020/04/01  v 6.2
) (c:/Program Files/texlive/2024/texmf-dist/tex/latex/caption/subcaption.sty
Package: subcaption 2023/07/28 v1.6b Sub-captions (AR)
 (c:/Program Files/texlive/2024/texmf-dist/tex/latex/caption/caption.sty
Package: caption 2023/08/05 v3.6o Customizing captions (AR)
 (c:/Program Files/texlive/2024/texmf-dist/tex/latex/caption/caption3.sty
Package: caption3 2023/07/31 v2.4d caption3 kernel (AR)
\caption@tempdima=\dimen296
\captionmargin=\dimen297
\caption@leftmargin=\dimen298
\caption@rightmargin=\dimen299
\caption@width=\dimen300
\caption@indent=\dimen301
\caption@parindent=\dimen302
\caption@hangindent=\dimen303
Package caption Info: KOMA-Script document class detected.
 (c:/Program Files/texlive/2024/texmf-dist/tex/latex/caption/caption-koma.sto
File: caption-koma.sto 2023/09/08 v2.0e Adaption of the caption package to the KOMA-Script document classes (AR)
))
\c@caption@flags=\count372
\c@continuedfloat=\count373
Package caption Info: hyperref package is loaded.
Package caption Info: listings package is loaded.
Package caption Info: KOMA-Script scrextend package detected.
\caption@addmargin@hsize=\dimen304
\caption@addmargin@linewidth=\dimen305
Package caption Info: wrapfig package is loaded.
)
Package caption Info: New subtype `subfigure' on input line 238.
\c@subfigure=\count374
Package caption Info: New subtype `subtable' on input line 238.
\c@subtable=\count375
) (c:/Program Files/texlive/2024/texmf-dist/tex/latex/tools/tabularx.sty
Package: tabularx 2023/12/11 v2.12a `tabularx' package (DPC)
\TX@col@width=\dimen306
\TX@old@table=\dimen307
\TX@old@col=\dimen308
\TX@target=\dimen309
\TX@delta=\dimen310
\TX@cols=\count376
\TX@ftn=\toks53
) (c:/Program Files/texlive/2024/texmf-dist/tex/latex/quiver/quiver.sty
Package: quiver 2021/01/11 quiver
 (c:/Program Files/texlive/2024/texmf-dist/tex/generic/pgf/frontendlayer/tikz/libraries/tikzlibrarycalc.code.tex
File: tikzlibrarycalc.code.tex 2023-01-15 v3.1.10 (3.1.10)
)) (c:/Program Files/texlive/2024/texmf-dist/tex/latex/siunitx/siunitx.sty
Package: siunitx 2024-08-01 v3.3.20 A comprehensive (SI) units package
\l__siunitx_number_uncert_offset_int=\count377
\l__siunitx_number_exponent_fixed_int=\count378
\l__siunitx_number_min_decimal_int=\count379
\l__siunitx_number_min_integer_int=\count380
\l__siunitx_number_round_precision_int=\count381
\l__siunitx_number_lower_threshold_int=\count382
\l__siunitx_number_upper_threshold_int=\count383
\l__siunitx_number_group_first_int=\count384
\l__siunitx_number_group_size_int=\count385
\l__siunitx_number_group_minimum_int=\count386
\l__siunitx_angle_tmp_dim=\dimen311
\l__siunitx_angle_marker_box=\box83
\l__siunitx_angle_unit_box=\box84
\l__siunitx_compound_count_int=\count387
 (c:/Program Files/texlive/2024/texmf-dist/tex/latex/translations/translations.sty
Package: translations 2022/02/05 v1.12 internationalization of LaTeX2e packages (CN)
)
\l__siunitx_table_tmp_box=\box85
\l__siunitx_table_tmp_dim=\dimen312
\l__siunitx_table_column_width_dim=\dimen313
\l__siunitx_table_integer_box=\box86
\l__siunitx_table_decimal_box=\box87
\l__siunitx_table_uncert_box=\box88
\l__siunitx_table_before_box=\box89
\l__siunitx_table_after_box=\box90
\l__siunitx_table_before_dim=\dimen314
\l__siunitx_table_carry_dim=\dimen315
\l__siunitx_unit_tmp_int=\count388
\l__siunitx_unit_position_int=\count389
\l__siunitx_unit_total_int=\count390
) (c:/Program Files/texlive/2024/texmf-dist/tex/latex/stmaryrd/stmaryrd.sty
Package: stmaryrd 1994/03/03 St Mary's Road symbol package
\symstmry=\mathgroup8
LaTeX Font Info:    Overwriting symbol font `stmry' in version `bold'
(Font)                  U/stmry/m/n --> U/stmry/b/n on input line 89.
) (c:/Program Files/texlive/2024/texmf-dist/tex/latex/tools/bm.sty
Package: bm 2023/12/19 v1.2f Bold Symbol Support (DPC/FMi)
\symboldoperators=\mathgroup9
\symboldletters=\mathgroup10
\symboldsymbols=\mathgroup11
Package bm Info: No bold for \OMX/cmex/m/n, using \pmb.
Package bm Info: No bold for \U/msa/m/n, using \pmb.
Package bm Info: No bold for \U/msb/m/n, using \pmb.
Package bm Info: No bold for \OMX/yhex/m/n, using \pmb.
Package bm Info: No bold for \U/rsfs/m/n, using \pmb.
\symboldstmry=\mathgroup12
LaTeX Font Info:    Redeclaring math alphabet \mathbf on input line 149.
) (c:/Program Files/texlive/2024/texmf-dist/tex/latex/oberdiek/centernot.sty
Package: centernot 2016/05/16 v1.4 Centers the not symbol horizontally (HO)
) (c:/Program Files/texlive/2024/texmf-dist/tex/latex/esint/esint.sty
Package: esint 
\symlargesymbolsA=\mathgroup13
) (c:/Program Files/texlive/2024/texmf-dist/tex/generic/pgf/frontendlayer/tikz/libraries/tikzlibrarydecorations.pathreplacing.code.tex (c:/Program Files/texlive/2024/texmf-dist/tex/generic/pgf/libraries/decorations/pgflibrarydecorations.pathreplacing.code.tex)) (c:/Program Files/texlive/2024/texmf-dist/tex/latex/hobby/tikzlibraryhobby.code.tex (c:/Program Files/texlive/2024/texmf-dist/tex/latex/hobby/pgflibraryhobby.code.tex (c:/Program Files/texlive/2024/texmf-dist/tex/latex/hobby/hobby.code.tex (c:/Program Files/texlive/2024/texmf-dist/tex/latex/hobby/pml3array.sty
\l_array_base_int=\count391
\l_array_top_int=\count392
\l_array_tmp_int=\count393
\g_array_map_int=\count394
\g_array_base_int=\count395
)
\g__hobby_npoints_int=\count396
\g__hobby_draw_int=\count397
))))
Package translations Info: No language package found. I am going to use `english' as default language. on input line 7.
 (c:/Users/olive/Documents/maths/Cambridge/cam-notes/pdf/render/probability.aux)
\openout1 = `probability.aux'.

LaTeX Font Info:    Checking defaults for OML/cmm/m/it on input line 7.
LaTeX Font Info:    ... okay on input line 7.
LaTeX Font Info:    Checking defaults for OMS/cmsy/m/n on input line 7.
LaTeX Font Info:    ... okay on input line 7.
LaTeX Font Info:    Checking defaults for OT1/cmr/m/n on input line 7.
LaTeX Font Info:    ... okay on input line 7.
LaTeX Font Info:    Checking defaults for T1/cmr/m/n on input line 7.
LaTeX Font Info:    ... okay on input line 7.
LaTeX Font Info:    Checking defaults for TS1/cmr/m/n on input line 7.
LaTeX Font Info:    ... okay on input line 7.
LaTeX Font Info:    Checking defaults for OMX/cmex/m/n on input line 7.
LaTeX Font Info:    ... okay on input line 7.
LaTeX Font Info:    Checking defaults for U/cmr/m/n on input line 7.
LaTeX Font Info:    ... okay on input line 7.
LaTeX Font Info:    Checking defaults for PD1/pdf/m/n on input line 7.
LaTeX Font Info:    ... okay on input line 7.
LaTeX Font Info:    Checking defaults for PU/pdf/m/n on input line 7.
LaTeX Font Info:    ... okay on input line 7.
Package scrbase Info: activating english \abstractname on input line 7.
Package scrbase Info: activating english \partname on input line 7.
Package scrbase Info: activating english \figurename on input line 7.
Package scrbase Info: activating english \tablename on input line 7.
Package scrbase Info: activating english \contentsname on input line 7.
Package scrbase Info: activating english \listfigurename on input line 7.
Package scrbase Info: activating english \listtablename on input line 7.
Package scrbase Info: activating english \refname on input line 7.
Package scrbase Info: activating english \indexname on input line 7.
 (c:/Program Files/texlive/2024/texmf-dist/tex/context/base/mkii/supp-pdf.mkii
[Loading MPS to PDF converter (version 2006.09.02).]
\scratchcounter=\count398
\scratchdimen=\dimen316
\scratchbox=\box91
\nofMPsegments=\count399
\nofMParguments=\count400
\everyMPshowfont=\toks54
\MPscratchCnt=\count401
\MPscratchDim=\dimen317
\MPnumerator=\count402
\makeMPintoPDFobject=\count403
\everyMPtoPDFconversion=\toks55
) (c:/Program Files/texlive/2024/texmf-dist/tex/latex/epstopdf-pkg/epstopdf-base.sty
Package: epstopdf-base 2020-01-24 v2.11 Base part for package epstopdf
Package epstopdf-base Info: Redefining graphics rule for `.eps' on input line 485.
 (c:/Program Files/texlive/2024/texmf-dist/tex/latex/latexconfig/epstopdf-sys.cfg
File: epstopdf-sys.cfg 2010/07/13 v1.3 Configuration of (r)epstopdf for TeX Live
))
Package hyperref Info: Link coloring ON on input line 7.
 (c:/Users/olive/Documents/maths/Cambridge/cam-notes/pdf/render/probability.out) (c:/Users/olive/Documents/maths/Cambridge/cam-notes/pdf/render/probability.out)
\@outlinefile=\write6
\openout6 = `probability.out'.

Class scrartcl Info: loading recommended package `bookmark'.
(scrartcl)           Using `bookmark' together with `hyperref' is recommended,
(scrartcl)           because of handling of possible bookmark level gaps.
(scrartcl)           You can avoid loading `bookmark' with KOMA-Script option
(scrartcl)           `bookmarkpackage=false' before \begin{document} and
(scrartcl)           you can avoid this message adding:
(scrartcl)             \usepackage{bookmark}
(scrartcl)           before \begin{document} on input line 7.
 (c:/Program Files/texlive/2024/texmf-dist/tex/latex/bookmark/bookmark.sty
Package: bookmark 2023-12-10 v1.31 PDF bookmarks (HO)
 (c:/Program Files/texlive/2024/texmf-dist/tex/latex/bookmark/bkm-pdftex.def
File: bkm-pdftex.def 2023-12-10 v1.31 bookmark driver for pdfTeX and luaTeX (HO)
\BKM@id=\count404
))
\c@lstlisting=\count405
Package tocbasic Info: omitting babel extension for `lol'
(tocbasic)             because of missing \bbl@set@language on input line 7.
\scr@dte@lstlisting@maxnumwidth=\skip154
LaTeX Info: Redefining \dots on input line 7.
LaTeX Info: Redefining \microtypecontext on input line 7.
Package microtype Info: Applying patch `item' on input line 7.
Package microtype Info: Applying patch `toc' on input line 7.
Package microtype Info: Applying patch `eqnum' on input line 7.
Package microtype Info: Applying patch `footnote' on input line 7.
Package microtype Info: Applying patch `verbatim' on input line 7.
Package microtype Info: Generating PDF output.
Package microtype Info: Character protrusion enabled (level 2).
Package microtype Info: Using default protrusion set `alltext'.
Package microtype Info: Automatic font expansion enabled (level 2),
(microtype)             stretch: 20, shrink: 20, step: 1, non-selected.
Package microtype Info: Using default expansion set `alltext-nott'.
LaTeX Info: Redefining \showhyphens on input line 7.
Package microtype Info: No adjustment of tracking.
Package microtype Info: No adjustment of interword spacing.
Package microtype Info: No adjustment of character kerning.
 (c:/Program Files/texlive/2024/texmf-dist/tex/latex/microtype/mt-cmr.cfg
File: mt-cmr.cfg 2013/05/19 v2.2 microtype config. file: Computer Modern Roman (RS)
)
isodate: babel.sty, (n)german.sty have not been loaded
Package caption Info: Begin \AtBeginDocument code.
Package caption Info: End \AtBeginDocument code.
(c:/Program Files/texlive/2024/texmf-dist/tex/latex/translations/translations-basic-dictionary-english.trsl
File: translations-basic-dictionary-english.trsl (english translation file `translations-basic-dictionary')
)
Package translations Info: loading dictionary `translations-basic-dictionary' for `english'. on input line 7.
Package microtype Info: Loading generic protrusion settings for font family
(microtype)             `cmss' (encoding: OT1).
(microtype)             For optimal results, create family-specific settings.
(microtype)             See the microtype manual for details.
LaTeX Font Info:    Trying to load font information for U+msa on input line 10.
 (c:/Program Files/texlive/2024/texmf-dist/tex/latex/amsfonts/umsa.fd
File: umsa.fd 2013/01/14 v3.01 AMS symbols A
) (c:/Program Files/texlive/2024/texmf-dist/tex/latex/microtype/mt-msa.cfg
File: mt-msa.cfg 2006/02/04 v1.1 microtype config. file: AMS symbols (a) (RS)
)
LaTeX Font Info:    Trying to load font information for U+msb on input line 10.
 (c:/Program Files/texlive/2024/texmf-dist/tex/latex/amsfonts/umsb.fd
File: umsb.fd 2013/01/14 v3.01 AMS symbols B
) (c:/Program Files/texlive/2024/texmf-dist/tex/latex/microtype/mt-msb.cfg
File: mt-msb.cfg 2005/06/01 v1.0 microtype config. file: AMS symbols (b) (RS)
)
LaTeX Font Info:    Trying to load font information for OMX+yhex on input line 10.
 (c:/Program Files/texlive/2024/texmf-dist/tex/latex/yhmath/OMXyhex.fd
File: OMXyhex.fd 
File: OMXyhex.fd 2013/07/03 v1.1 YH's humble contribution to TeX maths (NP)
)
LaTeX Font Info:    Trying to load font information for U+rsfs on input line 10.
 (c:/Program Files/texlive/2024/texmf-dist/tex/latex/jknapltx/ursfs.fd
File: ursfs.fd 1998/03/24 rsfs font definition file (jk)
)
LaTeX Font Info:    Trying to load font information for U+stmry on input line 10.
 (c:/Program Files/texlive/2024/texmf-dist/tex/latex/stmaryrd/Ustmry.fd)

LaTeX Font Warning: Font shape `U/stmry/b/n' undefined
(Font)              using `U/stmry/m/n' instead on input line 10.

LaTeX Font Info:    Trying to load font information for U+esint on input line 10.
(c:/Program Files/texlive/2024/texmf-dist/tex/latex/esint/uesint.fd
File: uesint.fd 
)
Package tocbasic Info: character protrusion at toc deactivated on input line 11.
 (c:/Users/olive/Documents/maths/Cambridge/cam-notes/pdf/render/probability.toc)
\tf@toc=\write7
\openout7 = `probability.toc'.

LaTeX Font Info:    Trying to load font information for TS1+cmss on input line 15.
 (c:/Program Files/texlive/2024/texmf-dist/tex/latex/base/ts1cmss.fd
File: ts1cmss.fd 2023/04/13 v2.5m Standard LaTeX font definitions
)
Package microtype Info: Loading generic protrusion settings for font family
(microtype)             `cmss' (encoding: TS1).
(microtype)             For optimal results, create family-specific settings.
(microtype)             See the microtype manual for details.
Package hyperref Info: bookmark level for unknown definition defaults to 0 on input line 18.
LaTeX Font Info:    Freeze math alphabet allocation in version normal.
(Font)              Allocated math groups: 14 (local: 2) on input line 21.
LaTeX Font Info:    Undo math alphabet allocation in version normal on input line 21.
LaTeX Font Info:    No math alphabet change to frozen version normal on input line 22.
LaTeX Font Info:    No math alphabet change to frozen version normal on input line 22.
LaTeX Font Info:    No math alphabet change to frozen version normal on input line 25.
LaTeX Font Info:    No math alphabet change to frozen version normal on input line 25.
LaTeX Font Info:    No math alphabet change to frozen version normal on input line 25.
LaTeX Font Info:    No math alphabet change to frozen version normal on input line 25.
LaTeX Font Info:    No math alphabet change to frozen version normal on input line 25.


LaTeX Font Info:    No math alphabet change to frozen version normal on input line 25.
LaTeX Font Info:    No math alphabet change to frozen version normal on input line 25.
LaTeX Font Info:    No math alphabet change to frozen version normal on input line 25.
LaTeX Font Info:    No math alphabet change to frozen version normal on input line 25.
LaTeX Font Info:    No math alphabet change to frozen version normal on input line 25.
LaTeX Font Info:    No math alphabet change to frozen version normal on input line 25.
[1


{c:/Program Files/texlive/2024/texmf-var/fonts/map/pdftex/updmap/pdftex.map}{c:/Program Files/texlive/2024/texmf-dist/fonts/enc/dvips/cm-super/cm-super-ts1.enc}]
LaTeX Font Info:    No math alphabet change to frozen version normal on input line 25.
LaTeX Font Info:    No math alphabet change to frozen version normal on input line 30.
LaTeX Font Info:    No math alphabet change to frozen version normal on input line 30.
LaTeX Font Info:    No math alphabet change to frozen version normal on input line 30.
LaTeX Font Info:    No math alphabet change to frozen version normal on input line 33.
LaTeX Font Info:    No math alphabet change to frozen version normal on input line 33.
LaTeX Font Info:    No math alphabet change to frozen version normal on input line 33.
LaTeX Font Info:    No math alphabet change to frozen version normal on input line 33.
LaTeX Font Info:    No math alphabet change to frozen version normal on input line 33.
LaTeX Font Info:    No math alphabet change to frozen version normal on input line 33.
LaTeX Font Info:    No math alphabet change to frozen version normal on input line 36.
LaTeX Font Info:    No math alphabet change to frozen version normal on input line 37.
LaTeX Font Info:    No math alphabet change to frozen version normal on input line 37.
LaTeX Font Info:    No math alphabet change to frozen version normal on input line 40.
LaTeX Font Info:    No math alphabet change to frozen version normal on input line 40.
LaTeX Font Info:    No math alphabet change to frozen version normal on input line 40.
LaTeX Font Info:    No math alphabet change to frozen version normal on input line 40.
LaTeX Font Info:    No math alphabet change to frozen version normal on input line 40.
LaTeX Font Info:    No math alphabet change to frozen version normal on input line 40.
LaTeX Font Info:    No math alphabet change to frozen version normal on input line 42.
LaTeX Font Info:    No math alphabet change to frozen version normal on input line 42.
LaTeX Font Info:    No math alphabet change to frozen version normal on input line 45.
LaTeX Font Info:    No math alphabet change to frozen version normal on input line 48.
LaTeX Font Info:    No math alphabet change to frozen version normal on input line 48.
LaTeX Font Info:    No math alphabet change to frozen version normal on input line 48.
LaTeX Font Info:    No math alphabet change to frozen version normal on input line 51.
LaTeX Font Info:    No math alphabet change to frozen version normal on input line 51.
LaTeX Font Info:    No math alphabet change to frozen version normal on input line 51.
Package mdframed Info: mdframed detected package amsthm 
 changed the theorem header of amsthm
(mdframed)              on input line 54.
Package hyperref Info: bookmark level for unknown remark* defaults to 0 on input line 54.
LaTeX Font Info:    No math alphabet change to frozen version normal on input line 54.
LaTeX Font Info:    No math alphabet change to frozen version normal on input line 54.
LaTeX Font Info:    No math alphabet change to frozen version normal on input line 54.
LaTeX Font Info:    No math alphabet change to frozen version normal on input line 54.
LaTeX Font Info:    Undo math alphabet allocation in version normal on input line 60.
LaTeX Font Info:    No math alphabet change to frozen version normal on input line 61.
LaTeX Font Info:    No math alphabet change to frozen version normal on input line 62.
LaTeX Font Info:    No math alphabet change to frozen version normal on input line 62.
LaTeX Font Info:    No math alphabet change to frozen version normal on input line 63.
Package mdframed Info: mdframed detected package amsthm 
 changed the theorem header of amsthm
(mdframed)              on input line 67.
Package hyperref Info: bookmark level for unknown example defaults to 0 on input line 67.
LaTeX Font Info:    No math alphabet change to frozen version normal on input line 68.
LaTeX Font Info:    No math alphabet change to frozen version normal on input line 68.
LaTeX Font Info:    No math alphabet change to frozen version normal on input line 71.
LaTeX Font Info:    No math alphabet change to frozen version normal on input line 71.
LaTeX Font Info:    No math alphabet change to frozen version normal on input line 71.
LaTeX Font Info:    No math alphabet change to frozen version normal on input line 71.
LaTeX Font Info:    No math alphabet change to frozen version normal on input line 71.
LaTeX Font Info:    No math alphabet change to frozen version normal on input line 71.
LaTeX Font Info:    No math alphabet change to frozen version normal on input line 74.
LaTeX Font Info:    No math alphabet change to frozen version normal on input line 74.
LaTeX Font Info:    No math alphabet change to frozen version normal on input line 74.
LaTeX Font Info:    No math alphabet change to frozen version normal on input line 74.
LaTeX Font Info:    No math alphabet change to frozen version normal on input line 76.
LaTeX Font Info:    No math alphabet change to frozen version normal on input line 76.
LaTeX Font Info:    No math alphabet change to frozen version normal on input line 76.
LaTeX Font Info:    No math alphabet change to frozen version normal on input line 76.
LaTeX Font Info:    No math alphabet change to frozen version normal on input line 76.
LaTeX Font Info:    No math alphabet change to frozen version normal on input line 76.
LaTeX Font Info:    No math alphabet change to frozen version normal on input line 76.
LaTeX Font Info:    No math alphabet change to frozen version normal on input line 78.
LaTeX Font Info:    No math alphabet change to frozen version normal on input line 78.
LaTeX Font Info:    No math alphabet change to frozen version normal on input line 78.
LaTeX Font Info:    No math alphabet change to frozen version normal on input line 80.
LaTeX Font Info:    No math alphabet change to frozen version normal on input line 80.
LaTeX Font Info:    No math alphabet change to frozen version normal on input line 80.
LaTeX Font Info:    No math alphabet change to frozen version normal on input line 82.
LaTeX Font Info:    No math alphabet change to frozen version normal on input line 82.
LaTeX Font Info:    No math alphabet change to frozen version normal on input line 82.
LaTeX Font Info:    No math alphabet change to frozen version normal on input line 84.
LaTeX Font Info:    No math alphabet change to frozen version normal on input line 84.
LaTeX Font Info:    No math alphabet change to frozen version normal on input line 84.
LaTeX Font Info:    No math alphabet change to frozen version normal on input line 84.
LaTeX Font Info:    No math alphabet change to frozen version normal on input line 84.
LaTeX Font Info:    No math alphabet change to frozen version normal on input line 84.
LaTeX Font Info:    No math alphabet change to frozen version normal on input line 88.
LaTeX Font Info:    No math alphabet change to frozen version normal on input line 88.
LaTeX Font Info:    No math alphabet change to frozen version normal on input line 88.
LaTeX Font Info:    No math alphabet change to frozen version normal on input line 88.
LaTeX Font Info:    No math alphabet change to frozen version normal on input line 88.
LaTeX Font Info:    No math alphabet change to frozen version normal on input line 88.
LaTeX Font Info:    No math alphabet change to frozen version normal on input line 88.
LaTeX Font Info:    No math alphabet change to frozen version normal on input line 88.
LaTeX Font Info:    No math alphabet change to frozen version normal on input line 88.
LaTeX Font Info:    No math alphabet change to frozen version normal on input line 88.
LaTeX Font Info:    No math alphabet change to frozen version normal on input line 88.
LaTeX Font Info:    No math alphabet change to frozen version normal on input line 88.
LaTeX Font Info:    No math alphabet change to frozen version normal on input line 90.
LaTeX Font Info:    No math alphabet change to frozen version normal on input line 92.
LaTeX Font Info:    No math alphabet change to frozen version normal on input line 92.
LaTeX Font Info:    No math alphabet change to frozen version normal on input line 92.
LaTeX Font Info:    No math alphabet change to frozen version normal on input line 92.
LaTeX Font Info:    No math alphabet change to frozen version normal on input line 94.
LaTeX Font Info:    No math alphabet change to frozen version normal on input line 94.
LaTeX Font Info:    Undo math alphabet allocation in version normal on input line 94.
LaTeX Font Info:    No math alphabet change to frozen version normal on input line 94.
LaTeX Font Info:    Undo math alphabet allocation in version normal on input line 99.
LaTeX Font Info:    No math alphabet change to frozen version normal on input line 99.
LaTeX Font Info:    No math alphabet change to frozen version normal on input line 99.
LaTeX Font Info:    No math alphabet change to frozen version normal on input line 99.
LaTeX Font Info:    No math alphabet change to frozen version normal on input line 99.
LaTeX Font Info:    No math alphabet change to frozen version normal on input line 99.
LaTeX Font Info:    No math alphabet change to frozen version normal on input line 99.
LaTeX Font Info:    Undo math alphabet allocation in version normal on input line 99.
LaTeX Font Info:    No math alphabet change to frozen version normal on input line 99.
LaTeX Font Info:    No math alphabet change to frozen version normal on input line 99.
LaTeX Font Info:    No math alphabet change to frozen version normal on input line 99.
LaTeX Font Info:    No math alphabet change to frozen version normal on input line 99.
LaTeX Font Info:    No math alphabet change to frozen version normal on input line 101.
LaTeX Font Info:    No math alphabet change to frozen version normal on input line 101.
LaTeX Font Info:    No math alphabet change to frozen version normal on input line 101.
LaTeX Font Info:    No math alphabet change to frozen version normal on input line 101.


LaTeX Font Info:    No math alphabet change to frozen version normal on input line 103.
LaTeX Font Info:    No math alphabet change to frozen version normal on input line 103.
LaTeX Font Info:    No math alphabet change to frozen version normal on input line 103.
LaTeX Font Info:    No math alphabet change to frozen version normal on input line 103.
LaTeX Font Info:    No math alphabet change to frozen version normal on input line 103.
LaTeX Font Info:    No math alphabet change to frozen version normal on input line 103.
[2]
LaTeX Font Info:    No math alphabet change to frozen version normal on input line 110.
LaTeX Font Info:    No math alphabet change to frozen version normal on input line 110.
LaTeX Font Info:    No math alphabet change to frozen version normal on input line 110.
LaTeX Font Info:    No math alphabet change to frozen version normal on input line 110.
LaTeX Font Info:    No math alphabet change to frozen version normal on input line 110.
LaTeX Font Info:    No math alphabet change to frozen version normal on input line 110.
LaTeX Font Info:    No math alphabet change to frozen version normal on input line 110.
LaTeX Font Info:    No math alphabet change to frozen version normal on input line 116.
LaTeX Font Info:    No math alphabet change to frozen version normal on input line 116.
LaTeX Font Info:    No math alphabet change to frozen version normal on input line 116.
LaTeX Font Info:    No math alphabet change to frozen version normal on input line 116.
LaTeX Font Info:    No math alphabet change to frozen version normal on input line 116.
LaTeX Font Info:    No math alphabet change to frozen version normal on input line 116.
LaTeX Font Info:    No math alphabet change to frozen version normal on input line 116.
LaTeX Font Info:    No math alphabet change to frozen version normal on input line 116.
LaTeX Font Info:    No math alphabet change to frozen version normal on input line 116.
LaTeX Font Info:    No math alphabet change to frozen version normal on input line 116.
LaTeX Font Info:    No math alphabet change to frozen version normal on input line 116.
LaTeX Font Info:    No math alphabet change to frozen version normal on input line 116.
LaTeX Font Info:    No math alphabet change to frozen version normal on input line 116.
LaTeX Font Info:    No math alphabet change to frozen version normal on input line 116.
LaTeX Font Info:    No math alphabet change to frozen version normal on input line 116.


LaTeX Font Info:    No math alphabet change to frozen version normal on input line 116.
LaTeX Font Info:    No math alphabet change to frozen version normal on input line 116.
LaTeX Font Info:    No math alphabet change to frozen version normal on input line 116.
LaTeX Font Info:    No math alphabet change to frozen version normal on input line 116.
LaTeX Font Info:    No math alphabet change to frozen version normal on input line 116.
LaTeX Font Info:    No math alphabet change to frozen version normal on input line 116.
[3]
LaTeX Font Info:    No math alphabet change to frozen version normal on input line 116.
LaTeX Font Info:    No math alphabet change to frozen version normal on input line 120.
LaTeX Font Info:    No math alphabet change to frozen version normal on input line 120.
LaTeX Font Info:    No math alphabet change to frozen version normal on input line 120.
LaTeX Font Info:    No math alphabet change to frozen version normal on input line 120.
LaTeX Font Info:    No math alphabet change to frozen version normal on input line 120.
LaTeX Font Info:    No math alphabet change to frozen version normal on input line 120.
LaTeX Font Info:    No math alphabet change to frozen version normal on input line 122.
LaTeX Font Info:    No math alphabet change to frozen version normal on input line 122.
LaTeX Font Info:    No math alphabet change to frozen version normal on input line 127.
LaTeX Font Info:    No math alphabet change to frozen version normal on input line 127.
LaTeX Font Info:    No math alphabet change to frozen version normal on input line 127.
LaTeX Font Info:    No math alphabet change to frozen version normal on input line 127.
LaTeX Font Info:    No math alphabet change to frozen version normal on input line 127.
LaTeX Font Info:    No math alphabet change to frozen version normal on input line 127.
LaTeX Font Info:    No math alphabet change to frozen version normal on input line 127.
LaTeX Font Info:    No math alphabet change to frozen version normal on input line 127.
LaTeX Font Info:    No math alphabet change to frozen version normal on input line 127.
LaTeX Font Info:    No math alphabet change to frozen version normal on input line 127.
LaTeX Font Info:    No math alphabet change to frozen version normal on input line 127.
LaTeX Font Info:    No math alphabet change to frozen version normal on input line 127.
LaTeX Font Info:    No math alphabet change to frozen version normal on input line 128.
LaTeX Font Info:    No math alphabet change to frozen version normal on input line 128.
LaTeX Font Info:    No math alphabet change to frozen version normal on input line 128.
LaTeX Font Info:    No math alphabet change to frozen version normal on input line 128.
LaTeX Font Info:    No math alphabet change to frozen version normal on input line 132.
LaTeX Font Info:    No math alphabet change to frozen version normal on input line 132.
LaTeX Font Info:    No math alphabet change to frozen version normal on input line 132.
LaTeX Font Info:    No math alphabet change to frozen version normal on input line 135.
LaTeX Font Info:    No math alphabet change to frozen version normal on input line 135.
LaTeX Font Info:    No math alphabet change to frozen version normal on input line 135.
LaTeX Font Info:    No math alphabet change to frozen version normal on input line 135.
LaTeX Font Info:    No math alphabet change to frozen version normal on input line 135.
LaTeX Font Info:    No math alphabet change to frozen version normal on input line 135.
Package mdframed Info: mdframed detected package amsthm 
 changed the theorem header of amsthm
(mdframed)              on input line 141.
Package hyperref Info: bookmark level for unknown theorem defaults to 0 on input line 141.
LaTeX Font Info:    No math alphabet change to frozen version normal on input line 144.
LaTeX Font Info:    No math alphabet change to frozen version normal on input line 145.
LaTeX Font Info:    No math alphabet change to frozen version normal on input line 149.
LaTeX Font Info:    No math alphabet change to frozen version normal on input line 151.
LaTeX Font Info:    No math alphabet change to frozen version normal on input line 154.
LaTeX Font Info:    No math alphabet change to frozen version normal on input line 154.
LaTeX Font Info:    No math alphabet change to frozen version normal on input line 154.
LaTeX Font Info:    No math alphabet change to frozen version normal on input line 154.
LaTeX Font Info:    No math alphabet change to frozen version normal on input line 154.
LaTeX Font Info:    No math alphabet change to frozen version normal on input line 154.
LaTeX Font Info:    No math alphabet change to frozen version normal on input line 155.
LaTeX Font Info:    No math alphabet change to frozen version normal on input line 160.
LaTeX Font Info:    No math alphabet change to frozen version normal on input line 160.
LaTeX Font Info:    No math alphabet change to frozen version normal on input line 160.
LaTeX Font Info:    No math alphabet change to frozen version normal on input line 160.
LaTeX Font Info:    No math alphabet change to frozen version normal on input line 160.
LaTeX Font Info:    No math alphabet change to frozen version normal on input line 160.
LaTeX Font Info:    No math alphabet change to frozen version normal on input line 160.
LaTeX Font Info:    No math alphabet change to frozen version normal on input line 160.
LaTeX Font Info:    No math alphabet change to frozen version normal on input line 160.
LaTeX Font Info:    No math alphabet change to frozen version normal on input line 160.
LaTeX Font Info:    No math alphabet change to frozen version normal on input line 160.
LaTeX Font Info:    No math alphabet change to frozen version normal on input line 160.
LaTeX Font Info:    No math alphabet change to frozen version normal on input line 160.
LaTeX Font Info:    No math alphabet change to frozen version normal on input line 160.
LaTeX Font Info:    No math alphabet change to frozen version normal on input line 160.
LaTeX Font Info:    No math alphabet change to frozen version normal on input line 160.
LaTeX Font Info:    No math alphabet change to frozen version normal on input line 161.
LaTeX Font Info:    No math alphabet change to frozen version normal on input line 162.
LaTeX Font Info:    No math alphabet change to frozen version normal on input line 165.
LaTeX Font Info:    No math alphabet change to frozen version normal on input line 165.
LaTeX Font Info:    No math alphabet change to frozen version normal on input line 168.
LaTeX Font Info:    No math alphabet change to frozen version normal on input line 168.
LaTeX Font Info:    No math alphabet change to frozen version normal on input line 168.
LaTeX Font Info:    No math alphabet change to frozen version normal on input line 168.
LaTeX Font Info:    No math alphabet change to frozen version normal on input line 168.
LaTeX Font Info:    No math alphabet change to frozen version normal on input line 168.
LaTeX Font Info:    No math alphabet change to frozen version normal on input line 169.
LaTeX Font Info:    No math alphabet change to frozen version normal on input line 169.
LaTeX Font Info:    No math alphabet change to frozen version normal on input line 169.
LaTeX Font Info:    No math alphabet change to frozen version normal on input line 169.
LaTeX Font Info:    No math alphabet change to frozen version normal on input line 172.
LaTeX Font Info:    No math alphabet change to frozen version normal on input line 172.
LaTeX Font Info:    No math alphabet change to frozen version normal on input line 172.
LaTeX Font Info:    No math alphabet change to frozen version normal on input line 172.
LaTeX Font Info:    No math alphabet change to frozen version normal on input line 172.


LaTeX Font Info:    No math alphabet change to frozen version normal on input line 172.
LaTeX Font Info:    No math alphabet change to frozen version normal on input line 172.
LaTeX Font Info:    No math alphabet change to frozen version normal on input line 172.
LaTeX Font Info:    No math alphabet change to frozen version normal on input line 172.
LaTeX Font Info:    No math alphabet change to frozen version normal on input line 172.
LaTeX Font Info:    No math alphabet change to frozen version normal on input line 172.
[4]
LaTeX Font Info:    No math alphabet change to frozen version normal on input line 172.
LaTeX Font Info:    No math alphabet change to frozen version normal on input line 173.
LaTeX Font Info:    No math alphabet change to frozen version normal on input line 173.
LaTeX Font Info:    No math alphabet change to frozen version normal on input line 176.
LaTeX Font Info:    No math alphabet change to frozen version normal on input line 176.
LaTeX Font Info:    No math alphabet change to frozen version normal on input line 176.
LaTeX Font Info:    No math alphabet change to frozen version normal on input line 176.
LaTeX Font Info:    No math alphabet change to frozen version normal on input line 176.
LaTeX Font Info:    No math alphabet change to frozen version normal on input line 176.
LaTeX Font Info:    No math alphabet change to frozen version normal on input line 177.
LaTeX Font Info:    No math alphabet change to frozen version normal on input line 180.
LaTeX Font Info:    No math alphabet change to frozen version normal on input line 180.
LaTeX Font Info:    No math alphabet change to frozen version normal on input line 180.
LaTeX Font Info:    No math alphabet change to frozen version normal on input line 180.
LaTeX Font Info:    No math alphabet change to frozen version normal on input line 180.
LaTeX Font Info:    No math alphabet change to frozen version normal on input line 180.
LaTeX Font Info:    No math alphabet change to frozen version normal on input line 185.
LaTeX Font Info:    No math alphabet change to frozen version normal on input line 185.
LaTeX Font Info:    No math alphabet change to frozen version normal on input line 185.
LaTeX Font Info:    No math alphabet change to frozen version normal on input line 185.
LaTeX Font Info:    No math alphabet change to frozen version normal on input line 185.
LaTeX Font Info:    No math alphabet change to frozen version normal on input line 185.
LaTeX Font Info:    No math alphabet change to frozen version normal on input line 185.
LaTeX Font Info:    No math alphabet change to frozen version normal on input line 185.
LaTeX Font Info:    No math alphabet change to frozen version normal on input line 185.
LaTeX Font Info:    No math alphabet change to frozen version normal on input line 185.
LaTeX Font Info:    No math alphabet change to frozen version normal on input line 185.
LaTeX Font Info:    No math alphabet change to frozen version normal on input line 185.
LaTeX Font Info:    No math alphabet change to frozen version normal on input line 191.
LaTeX Font Info:    No math alphabet change to frozen version normal on input line 191.
LaTeX Font Info:    No math alphabet change to frozen version normal on input line 191.
LaTeX Font Info:    No math alphabet change to frozen version normal on input line 191.
LaTeX Font Info:    No math alphabet change to frozen version normal on input line 191.
LaTeX Font Info:    No math alphabet change to frozen version normal on input line 191.
LaTeX Font Info:    No math alphabet change to frozen version normal on input line 191.
LaTeX Font Info:    No math alphabet change to frozen version normal on input line 191.
LaTeX Font Info:    No math alphabet change to frozen version normal on input line 191.
LaTeX Font Info:    No math alphabet change to frozen version normal on input line 191.
LaTeX Font Info:    No math alphabet change to frozen version normal on input line 191.
LaTeX Font Info:    No math alphabet change to frozen version normal on input line 191.
LaTeX Font Info:    No math alphabet change to frozen version normal on input line 191.
LaTeX Font Info:    No math alphabet change to frozen version normal on input line 191.
LaTeX Font Info:    No math alphabet change to frozen version normal on input line 191.
LaTeX Font Info:    No math alphabet change to frozen version normal on input line 191.
LaTeX Font Info:    No math alphabet change to frozen version normal on input line 192.
LaTeX Font Info:    No math alphabet change to frozen version normal on input line 197.
LaTeX Font Info:    No math alphabet change to frozen version normal on input line 197.
LaTeX Font Info:    No math alphabet change to frozen version normal on input line 197.
LaTeX Font Info:    No math alphabet change to frozen version normal on input line 197.
LaTeX Font Info:    No math alphabet change to frozen version normal on input line 197.
LaTeX Font Info:    No math alphabet change to frozen version normal on input line 197.
LaTeX Font Info:    No math alphabet change to frozen version normal on input line 197.
LaTeX Font Info:    No math alphabet change to frozen version normal on input line 197.
LaTeX Font Info:    No math alphabet change to frozen version normal on input line 197.
LaTeX Font Info:    No math alphabet change to frozen version normal on input line 197.
LaTeX Font Info:    No math alphabet change to frozen version normal on input line 197.
LaTeX Font Info:    No math alphabet change to frozen version normal on input line 197.
LaTeX Font Info:    No math alphabet change to frozen version normal on input line 197.
LaTeX Font Info:    No math alphabet change to frozen version normal on input line 197.
LaTeX Font Info:    No math alphabet change to frozen version normal on input line 197.
LaTeX Font Info:    No math alphabet change to frozen version normal on input line 197.
LaTeX Font Info:    No math alphabet change to frozen version normal on input line 197.
LaTeX Font Info:    No math alphabet change to frozen version normal on input line 197.
LaTeX Font Info:    No math alphabet change to frozen version normal on input line 197.
LaTeX Font Info:    No math alphabet change to frozen version normal on input line 197.
LaTeX Font Info:    No math alphabet change to frozen version normal on input line 197.
LaTeX Font Info:    No math alphabet change to frozen version normal on input line 197.
LaTeX Font Info:    No math alphabet change to frozen version normal on input line 197.
LaTeX Font Info:    No math alphabet change to frozen version normal on input line 197.
LaTeX Font Info:    No math alphabet change to frozen version normal on input line 197.
LaTeX Font Info:    No math alphabet change to frozen version normal on input line 197.
LaTeX Font Info:    No math alphabet change to frozen version normal on input line 198.
LaTeX Font Info:    No math alphabet change to frozen version normal on input line 203.
LaTeX Font Info:    No math alphabet change to frozen version normal on input line 203.
LaTeX Font Info:    No math alphabet change to frozen version normal on input line 203.
LaTeX Font Info:    No math alphabet change to frozen version normal on input line 203.
LaTeX Font Info:    No math alphabet change to frozen version normal on input line 203.
LaTeX Font Info:    No math alphabet change to frozen version normal on input line 203.
LaTeX Font Info:    No math alphabet change to frozen version normal on input line 203.
LaTeX Font Info:    No math alphabet change to frozen version normal on input line 203.
LaTeX Font Info:    No math alphabet change to frozen version normal on input line 203.
LaTeX Font Info:    No math alphabet change to frozen version normal on input line 203.
LaTeX Font Info:    No math alphabet change to frozen version normal on input line 203.
LaTeX Font Info:    No math alphabet change to frozen version normal on input line 203.
LaTeX Font Info:    No math alphabet change to frozen version normal on input line 203.
LaTeX Font Info:    No math alphabet change to frozen version normal on input line 203.
LaTeX Font Info:    No math alphabet change to frozen version normal on input line 203.
LaTeX Font Info:    No math alphabet change to frozen version normal on input line 203.
LaTeX Font Info:    No math alphabet change to frozen version normal on input line 207.
LaTeX Font Info:    No math alphabet change to frozen version normal on input line 207.
LaTeX Font Info:    No math alphabet change to frozen version normal on input line 207.
LaTeX Font Info:    No math alphabet change to frozen version normal on input line 207.
LaTeX Font Info:    No math alphabet change to frozen version normal on input line 207.
LaTeX Font Info:    No math alphabet change to frozen version normal on input line 207.
LaTeX Font Info:    No math alphabet change to frozen version normal on input line 207.


LaTeX Font Info:    No math alphabet change to frozen version normal on input line 207.
LaTeX Font Info:    No math alphabet change to frozen version normal on input line 207.
LaTeX Font Info:    No math alphabet change to frozen version normal on input line 207.
LaTeX Font Info:    No math alphabet change to frozen version normal on input line 207.
LaTeX Font Info:    No math alphabet change to frozen version normal on input line 207.
LaTeX Font Info:    No math alphabet change to frozen version normal on input line 207.
[5]
LaTeX Font Info:    No math alphabet change to frozen version normal on input line 207.
LaTeX Font Info:    No math alphabet change to frozen version normal on input line 211.
LaTeX Font Info:    No math alphabet change to frozen version normal on input line 211.
LaTeX Font Info:    No math alphabet change to frozen version normal on input line 211.
LaTeX Font Info:    No math alphabet change to frozen version normal on input line 211.
LaTeX Font Info:    No math alphabet change to frozen version normal on input line 211.
LaTeX Font Info:    No math alphabet change to frozen version normal on input line 211.
LaTeX Font Info:    No math alphabet change to frozen version normal on input line 211.
LaTeX Font Info:    No math alphabet change to frozen version normal on input line 211.
LaTeX Font Info:    No math alphabet change to frozen version normal on input line 212.
LaTeX Font Info:    No math alphabet change to frozen version normal on input line 212.
LaTeX Font Info:    No math alphabet change to frozen version normal on input line 215.
LaTeX Font Info:    No math alphabet change to frozen version normal on input line 215.
LaTeX Font Info:    No math alphabet change to frozen version normal on input line 215.
LaTeX Font Info:    No math alphabet change to frozen version normal on input line 215.
LaTeX Font Info:    No math alphabet change to frozen version normal on input line 215.
LaTeX Font Info:    No math alphabet change to frozen version normal on input line 215.
LaTeX Font Info:    No math alphabet change to frozen version normal on input line 215.
LaTeX Font Info:    No math alphabet change to frozen version normal on input line 215.
LaTeX Font Info:    No math alphabet change to frozen version normal on input line 215.
LaTeX Font Info:    No math alphabet change to frozen version normal on input line 215.
LaTeX Font Info:    No math alphabet change to frozen version normal on input line 215.
LaTeX Font Info:    No math alphabet change to frozen version normal on input line 215.
LaTeX Font Info:    No math alphabet change to frozen version normal on input line 223.
LaTeX Font Info:    No math alphabet change to frozen version normal on input line 223.
LaTeX Font Info:    No math alphabet change to frozen version normal on input line 223.
LaTeX Font Info:    No math alphabet change to frozen version normal on input line 223.
LaTeX Font Info:    No math alphabet change to frozen version normal on input line 223.
LaTeX Font Info:    No math alphabet change to frozen version normal on input line 223.
LaTeX Font Info:    No math alphabet change to frozen version normal on input line 223.
LaTeX Font Info:    No math alphabet change to frozen version normal on input line 223.
LaTeX Font Info:    No math alphabet change to frozen version normal on input line 223.
LaTeX Font Info:    No math alphabet change to frozen version normal on input line 223.
LaTeX Font Info:    No math alphabet change to frozen version normal on input line 223.
LaTeX Font Info:    No math alphabet change to frozen version normal on input line 223.
LaTeX Font Info:    No math alphabet change to frozen version normal on input line 223.
LaTeX Font Info:    No math alphabet change to frozen version normal on input line 223.
LaTeX Font Info:    No math alphabet change to frozen version normal on input line 223.
LaTeX Font Info:    No math alphabet change to frozen version normal on input line 223.
LaTeX Font Info:    No math alphabet change to frozen version normal on input line 223.
LaTeX Font Info:    No math alphabet change to frozen version normal on input line 223.
LaTeX Font Info:    No math alphabet change to frozen version normal on input line 223.
LaTeX Font Info:    No math alphabet change to frozen version normal on input line 223.
LaTeX Font Info:    No math alphabet change to frozen version normal on input line 223.
LaTeX Font Info:    No math alphabet change to frozen version normal on input line 223.
LaTeX Font Info:    No math alphabet change to frozen version normal on input line 223.
LaTeX Font Info:    No math alphabet change to frozen version normal on input line 223.
LaTeX Font Info:    No math alphabet change to frozen version normal on input line 228.
LaTeX Font Info:    No math alphabet change to frozen version normal on input line 228.
LaTeX Font Info:    No math alphabet change to frozen version normal on input line 228.
LaTeX Font Info:    No math alphabet change to frozen version normal on input line 228.
LaTeX Font Info:    No math alphabet change to frozen version normal on input line 228.
LaTeX Font Info:    No math alphabet change to frozen version normal on input line 228.
LaTeX Font Info:    No math alphabet change to frozen version normal on input line 228.
LaTeX Font Info:    No math alphabet change to frozen version normal on input line 228.
LaTeX Font Info:    No math alphabet change to frozen version normal on input line 228.
LaTeX Font Info:    No math alphabet change to frozen version normal on input line 228.
LaTeX Font Info:    No math alphabet change to frozen version normal on input line 228.
LaTeX Font Info:    No math alphabet change to frozen version normal on input line 228.
LaTeX Font Info:    No math alphabet change to frozen version normal on input line 229.
LaTeX Font Info:    No math alphabet change to frozen version normal on input line 229.
LaTeX Font Info:    No math alphabet change to frozen version normal on input line 229.
LaTeX Font Info:    No math alphabet change to frozen version normal on input line 232.
LaTeX Font Info:    No math alphabet change to frozen version normal on input line 232.
LaTeX Font Info:    No math alphabet change to frozen version normal on input line 232.
LaTeX Font Info:    No math alphabet change to frozen version normal on input line 232.
LaTeX Font Info:    No math alphabet change to frozen version normal on input line 232.
LaTeX Font Info:    No math alphabet change to frozen version normal on input line 232.
LaTeX Font Info:    No math alphabet change to frozen version normal on input line 232.
LaTeX Font Info:    No math alphabet change to frozen version normal on input line 232.
LaTeX Font Info:    No math alphabet change to frozen version normal on input line 233.
LaTeX Font Info:    No math alphabet change to frozen version normal on input line 233.
LaTeX Font Info:    No math alphabet change to frozen version normal on input line 233.
LaTeX Font Info:    No math alphabet change to frozen version normal on input line 236.
LaTeX Font Info:    No math alphabet change to frozen version normal on input line 236.
LaTeX Font Info:    No math alphabet change to frozen version normal on input line 236.
LaTeX Font Info:    No math alphabet change to frozen version normal on input line 236.
LaTeX Font Info:    No math alphabet change to frozen version normal on input line 236.
LaTeX Font Info:    No math alphabet change to frozen version normal on input line 236.
LaTeX Font Info:    No math alphabet change to frozen version normal on input line 237.
LaTeX Font Info:    No math alphabet change to frozen version normal on input line 240.
LaTeX Font Info:    No math alphabet change to frozen version normal on input line 240.
LaTeX Font Info:    No math alphabet change to frozen version normal on input line 240.
LaTeX Font Info:    No math alphabet change to frozen version normal on input line 240.
LaTeX Font Info:    No math alphabet change to frozen version normal on input line 240.
LaTeX Font Info:    No math alphabet change to frozen version normal on input line 240.
LaTeX Font Info:    No math alphabet change to frozen version normal on input line 240.
LaTeX Font Info:    No math alphabet change to frozen version normal on input line 240.
LaTeX Font Info:    No math alphabet change to frozen version normal on input line 240.
LaTeX Font Info:    No math alphabet change to frozen version normal on input line 240.
LaTeX Font Info:    No math alphabet change to frozen version normal on input line 240.
LaTeX Font Info:    No math alphabet change to frozen version normal on input line 240.
LaTeX Font Info:    No math alphabet change to frozen version normal on input line 241.
Package mdframed Info: mdframed detected package amsthm 
 changed the theorem header of amsthm
(mdframed)              on input line 243.
Package hyperref Info: bookmark level for unknown proposition defaults to 0 on input line 243.
LaTeX Font Info:    No math alphabet change to frozen version normal on input line 244.
LaTeX Font Info:    No math alphabet change to frozen version normal on input line 244.
LaTeX Font Info:    No math alphabet change to frozen version normal on input line 247.
LaTeX Font Info:    No math alphabet change to frozen version normal on input line 247.
LaTeX Font Info:    No math alphabet change to frozen version normal on input line 247.
LaTeX Font Info:    No math alphabet change to frozen version normal on input line 247.
LaTeX Font Info:    No math alphabet change to frozen version normal on input line 247.
LaTeX Font Info:    No math alphabet change to frozen version normal on input line 247.


LaTeX Font Info:    No math alphabet change to frozen version normal on input line 248.
LaTeX Font Info:    No math alphabet change to frozen version normal on input line 248.
LaTeX Font Info:    No math alphabet change to frozen version normal on input line 248.
LaTeX Font Info:    No math alphabet change to frozen version normal on input line 248.
LaTeX Font Info:    No math alphabet change to frozen version normal on input line 248.
LaTeX Font Info:    No math alphabet change to frozen version normal on input line 248.
[6]
LaTeX Font Info:    No math alphabet change to frozen version normal on input line 251.
LaTeX Font Info:    No math alphabet change to frozen version normal on input line 251.
LaTeX Font Info:    No math alphabet change to frozen version normal on input line 251.
LaTeX Font Info:    No math alphabet change to frozen version normal on input line 251.
LaTeX Font Info:    No math alphabet change to frozen version normal on input line 251.
LaTeX Font Info:    No math alphabet change to frozen version normal on input line 251.
LaTeX Font Info:    No math alphabet change to frozen version normal on input line 255.
LaTeX Font Info:    No math alphabet change to frozen version normal on input line 255.
LaTeX Font Info:    No math alphabet change to frozen version normal on input line 255.
LaTeX Font Info:    No math alphabet change to frozen version normal on input line 255.
LaTeX Font Info:    No math alphabet change to frozen version normal on input line 255.
LaTeX Font Info:    No math alphabet change to frozen version normal on input line 255.
LaTeX Font Info:    No math alphabet change to frozen version normal on input line 255.
LaTeX Font Info:    No math alphabet change to frozen version normal on input line 255.
LaTeX Font Info:    No math alphabet change to frozen version normal on input line 255.
LaTeX Font Info:    No math alphabet change to frozen version normal on input line 255.
LaTeX Font Info:    No math alphabet change to frozen version normal on input line 255.
LaTeX Font Info:    No math alphabet change to frozen version normal on input line 255.
LaTeX Font Info:    No math alphabet change to frozen version normal on input line 256.
LaTeX Font Info:    No math alphabet change to frozen version normal on input line 256.
LaTeX Font Info:    No math alphabet change to frozen version normal on input line 257.
Package mdframed Info: mdframed detected package amsthm 
 changed the theorem header of amsthm
(mdframed)              on input line 259.
LaTeX Font Info:    No math alphabet change to frozen version normal on input line 261.
LaTeX Font Info:    No math alphabet change to frozen version normal on input line 261.
LaTeX Font Info:    No math alphabet change to frozen version normal on input line 261.
LaTeX Font Info:    No math alphabet change to frozen version normal on input line 261.
LaTeX Font Info:    No math alphabet change to frozen version normal on input line 263.
LaTeX Font Info:    No math alphabet change to frozen version normal on input line 266.
LaTeX Font Info:    No math alphabet change to frozen version normal on input line 266.
LaTeX Font Info:    No math alphabet change to frozen version normal on input line 266.
LaTeX Font Info:    No math alphabet change to frozen version normal on input line 266.
LaTeX Font Info:    No math alphabet change to frozen version normal on input line 266.
LaTeX Font Info:    No math alphabet change to frozen version normal on input line 266.
LaTeX Font Info:    No math alphabet change to frozen version normal on input line 267.
LaTeX Font Info:    No math alphabet change to frozen version normal on input line 271.
LaTeX Font Info:    No math alphabet change to frozen version normal on input line 271.
LaTeX Font Info:    No math alphabet change to frozen version normal on input line 271.
LaTeX Font Info:    No math alphabet change to frozen version normal on input line 274.
LaTeX Font Info:    No math alphabet change to frozen version normal on input line 274.
LaTeX Font Info:    No math alphabet change to frozen version normal on input line 274.
LaTeX Font Info:    No math alphabet change to frozen version normal on input line 274.
LaTeX Font Info:    No math alphabet change to frozen version normal on input line 274.
LaTeX Font Info:    No math alphabet change to frozen version normal on input line 274.
LaTeX Font Info:    No math alphabet change to frozen version normal on input line 275.
LaTeX Font Info:    No math alphabet change to frozen version normal on input line 279.
LaTeX Font Info:    No math alphabet change to frozen version normal on input line 279.
LaTeX Font Info:    No math alphabet change to frozen version normal on input line 279.
LaTeX Font Info:    No math alphabet change to frozen version normal on input line 279.
LaTeX Font Info:    No math alphabet change to frozen version normal on input line 279.
LaTeX Font Info:    No math alphabet change to frozen version normal on input line 279.
LaTeX Font Info:    No math alphabet change to frozen version normal on input line 279.
LaTeX Font Info:    No math alphabet change to frozen version normal on input line 279.
LaTeX Font Info:    No math alphabet change to frozen version normal on input line 279.
LaTeX Font Info:    No math alphabet change to frozen version normal on input line 279.
LaTeX Font Info:    No math alphabet change to frozen version normal on input line 279.
LaTeX Font Info:    No math alphabet change to frozen version normal on input line 279.
LaTeX Font Info:    No math alphabet change to frozen version normal on input line 284.
LaTeX Font Info:    No math alphabet change to frozen version normal on input line 284.
LaTeX Font Info:    No math alphabet change to frozen version normal on input line 284.
LaTeX Font Info:    No math alphabet change to frozen version normal on input line 284.
LaTeX Font Info:    No math alphabet change to frozen version normal on input line 284.
LaTeX Font Info:    No math alphabet change to frozen version normal on input line 284.
LaTeX Font Info:    No math alphabet change to frozen version normal on input line 284.
LaTeX Font Info:    No math alphabet change to frozen version normal on input line 284.
LaTeX Font Info:    No math alphabet change to frozen version normal on input line 284.
LaTeX Font Info:    No math alphabet change to frozen version normal on input line 284.
LaTeX Font Info:    No math alphabet change to frozen version normal on input line 284.
LaTeX Font Info:    No math alphabet change to frozen version normal on input line 284.
LaTeX Font Info:    No math alphabet change to frozen version normal on input line 285.
Package mdframed Info: mdframed detected package amsthm 
 changed the theorem header of amsthm
(mdframed)              on input line 288.
Package hyperref Info: bookmark level for unknown corollary defaults to 0 on input line 288.
LaTeX Font Info:    No math alphabet change to frozen version normal on input line 288.
LaTeX Font Info:    No math alphabet change to frozen version normal on input line 288.
LaTeX Font Info:    No math alphabet change to frozen version normal on input line 288.
LaTeX Font Info:    No math alphabet change to frozen version normal on input line 288.
LaTeX Font Info:    No math alphabet change to frozen version normal on input line 291.
LaTeX Font Info:    No math alphabet change to frozen version normal on input line 291.
LaTeX Font Info:    No math alphabet change to frozen version normal on input line 291.
LaTeX Font Info:    No math alphabet change to frozen version normal on input line 291.
LaTeX Font Info:    No math alphabet change to frozen version normal on input line 291.
LaTeX Font Info:    No math alphabet change to frozen version normal on input line 291.


LaTeX Font Info:    No math alphabet change to frozen version normal on input line 292.
LaTeX Font Info:    No math alphabet change to frozen version normal on input line 292.
LaTeX Font Info:    No math alphabet change to frozen version normal on input line 292.
LaTeX Font Info:    No math alphabet change to frozen version normal on input line 292.
LaTeX Font Info:    No math alphabet change to frozen version normal on input line 292.
LaTeX Font Info:    No math alphabet change to frozen version normal on input line 292.
[7]
LaTeX Font Info:    No math alphabet change to frozen version normal on input line 296.
Package mdframed Info: mdframed detected package amsthm 
 changed the theorem header of amsthm
(mdframed)              on input line 298.
LaTeX Font Info:    No math alphabet change to frozen version normal on input line 299.
LaTeX Font Info:    No math alphabet change to frozen version normal on input line 302.
LaTeX Font Info:    No math alphabet change to frozen version normal on input line 302.
LaTeX Font Info:    No math alphabet change to frozen version normal on input line 302.
LaTeX Font Info:    No math alphabet change to frozen version normal on input line 302.
LaTeX Font Info:    No math alphabet change to frozen version normal on input line 302.
LaTeX Font Info:    No math alphabet change to frozen version normal on input line 302.
LaTeX Font Info:    No math alphabet change to frozen version normal on input line 316.
LaTeX Font Info:    No math alphabet change to frozen version normal on input line 316.
LaTeX Font Info:    No math alphabet change to frozen version normal on input line 316.
LaTeX Font Info:    No math alphabet change to frozen version normal on input line 316.
LaTeX Font Info:    No math alphabet change to frozen version normal on input line 316.
LaTeX Font Info:    No math alphabet change to frozen version normal on input line 316.
LaTeX Font Info:    No math alphabet change to frozen version normal on input line 316.
LaTeX Font Info:    No math alphabet change to frozen version normal on input line 316.
LaTeX Font Info:    No math alphabet change to frozen version normal on input line 316.
LaTeX Font Info:    No math alphabet change to frozen version normal on input line 316.
LaTeX Font Info:    No math alphabet change to frozen version normal on input line 316.
LaTeX Font Info:    No math alphabet change to frozen version normal on input line 316.
LaTeX Font Info:    No math alphabet change to frozen version normal on input line 316.
LaTeX Font Info:    No math alphabet change to frozen version normal on input line 316.
LaTeX Font Info:    No math alphabet change to frozen version normal on input line 316.
LaTeX Font Info:    No math alphabet change to frozen version normal on input line 316.
LaTeX Font Info:    No math alphabet change to frozen version normal on input line 316.
LaTeX Font Info:    No math alphabet change to frozen version normal on input line 316.
LaTeX Font Info:    No math alphabet change to frozen version normal on input line 316.
LaTeX Font Info:    No math alphabet change to frozen version normal on input line 316.
LaTeX Font Info:    No math alphabet change to frozen version normal on input line 316.
LaTeX Font Info:    No math alphabet change to frozen version normal on input line 316.
LaTeX Font Info:    No math alphabet change to frozen version normal on input line 316.
LaTeX Font Info:    No math alphabet change to frozen version normal on input line 316.
LaTeX Font Info:    No math alphabet change to frozen version normal on input line 316.
LaTeX Font Info:    No math alphabet change to frozen version normal on input line 316.
LaTeX Font Info:    No math alphabet change to frozen version normal on input line 321.
LaTeX Font Info:    No math alphabet change to frozen version normal on input line 321.
LaTeX Font Info:    No math alphabet change to frozen version normal on input line 321.
LaTeX Font Info:    No math alphabet change to frozen version normal on input line 321.
LaTeX Font Info:    No math alphabet change to frozen version normal on input line 321.
LaTeX Font Info:    No math alphabet change to frozen version normal on input line 321.
LaTeX Font Info:    No math alphabet change to frozen version normal on input line 321.
LaTeX Font Info:    No math alphabet change to frozen version normal on input line 321.
LaTeX Font Info:    No math alphabet change to frozen version normal on input line 321.
LaTeX Font Info:    No math alphabet change to frozen version normal on input line 321.
LaTeX Font Info:    No math alphabet change to frozen version normal on input line 321.
LaTeX Font Info:    No math alphabet change to frozen version normal on input line 321.
LaTeX Font Info:    No math alphabet change to frozen version normal on input line 323.
Package mdframed Info: mdframed detected package amsthm 
 changed the theorem header of amsthm
(mdframed)              on input line 325.
LaTeX Font Info:    No math alphabet change to frozen version normal on input line 326.
LaTeX Font Info:    No math alphabet change to frozen version normal on input line 332.
LaTeX Font Info:    No math alphabet change to frozen version normal on input line 332.
LaTeX Font Info:    No math alphabet change to frozen version normal on input line 332.
LaTeX Font Info:    No math alphabet change to frozen version normal on input line 332.
LaTeX Font Info:    No math alphabet change to frozen version normal on input line 332.
LaTeX Font Info:    No math alphabet change to frozen version normal on input line 332.
LaTeX Font Info:    No math alphabet change to frozen version normal on input line 332.
LaTeX Font Info:    No math alphabet change to frozen version normal on input line 332.
LaTeX Font Info:    No math alphabet change to frozen version normal on input line 332.
LaTeX Font Info:    No math alphabet change to frozen version normal on input line 332.
LaTeX Font Info:    No math alphabet change to frozen version normal on input line 332.
LaTeX Font Info:    No math alphabet change to frozen version normal on input line 332.
LaTeX Font Info:    No math alphabet change to frozen version normal on input line 332.
LaTeX Font Info:    No math alphabet change to frozen version normal on input line 332.
LaTeX Font Info:    No math alphabet change to frozen version normal on input line 332.
LaTeX Font Info:    No math alphabet change to frozen version normal on input line 332.
LaTeX Font Info:    No math alphabet change to frozen version normal on input line 332.
LaTeX Font Info:    No math alphabet change to frozen version normal on input line 332.
LaTeX Font Info:    No math alphabet change to frozen version normal on input line 332.
LaTeX Font Info:    No math alphabet change to frozen version normal on input line 332.
LaTeX Font Info:    No math alphabet change to frozen version normal on input line 332.
LaTeX Font Info:    No math alphabet change to frozen version normal on input line 332.
LaTeX Font Info:    No math alphabet change to frozen version normal on input line 332.
LaTeX Font Info:    No math alphabet change to frozen version normal on input line 332.
LaTeX Font Info:    No math alphabet change to frozen version normal on input line 332.
LaTeX Font Info:    No math alphabet change to frozen version normal on input line 332.
LaTeX Font Info:    No math alphabet change to frozen version normal on input line 332.
LaTeX Font Info:    No math alphabet change to frozen version normal on input line 332.
LaTeX Font Info:    No math alphabet change to frozen version normal on input line 332.
LaTeX Font Info:    No math alphabet change to frozen version normal on input line 332.
LaTeX Font Info:    No math alphabet change to frozen version normal on input line 332.
LaTeX Font Info:    No math alphabet change to frozen version normal on input line 332.
LaTeX Font Info:    No math alphabet change to frozen version normal on input line 332.
LaTeX Font Info:    No math alphabet change to frozen version normal on input line 332.


LaTeX Font Info:    No math alphabet change to frozen version normal on input line 334.
LaTeX Font Info:    No math alphabet change to frozen version normal on input line 334.
LaTeX Font Info:    No math alphabet change to frozen version normal on input line 334.
LaTeX Font Info:    No math alphabet change to frozen version normal on input line 334.
LaTeX Font Info:    No math alphabet change to frozen version normal on input line 334.
LaTeX Font Info:    No math alphabet change to frozen version normal on input line 334.
[8]
LaTeX Font Info:    No math alphabet change to frozen version normal on input line 339.
LaTeX Font Info:    No math alphabet change to frozen version normal on input line 341.
LaTeX Font Info:    No math alphabet change to frozen version normal on input line 344.
LaTeX Font Info:    No math alphabet change to frozen version normal on input line 344.
LaTeX Font Info:    No math alphabet change to frozen version normal on input line 344.
LaTeX Font Info:    No math alphabet change to frozen version normal on input line 344.
LaTeX Font Info:    No math alphabet change to frozen version normal on input line 344.
LaTeX Font Info:    No math alphabet change to frozen version normal on input line 344.
LaTeX Font Info:    No math alphabet change to frozen version normal on input line 344.
LaTeX Font Info:    No math alphabet change to frozen version normal on input line 344.
LaTeX Font Info:    No math alphabet change to frozen version normal on input line 344.
LaTeX Font Info:    No math alphabet change to frozen version normal on input line 344.
LaTeX Font Info:    No math alphabet change to frozen version normal on input line 344.
LaTeX Font Info:    No math alphabet change to frozen version normal on input line 344.
LaTeX Font Info:    No math alphabet change to frozen version normal on input line 344.
LaTeX Font Info:    No math alphabet change to frozen version normal on input line 344.
LaTeX Font Info:    No math alphabet change to frozen version normal on input line 349.
LaTeX Font Info:    No math alphabet change to frozen version normal on input line 349.
LaTeX Font Info:    No math alphabet change to frozen version normal on input line 349.
LaTeX Font Info:    No math alphabet change to frozen version normal on input line 349.
LaTeX Font Info:    No math alphabet change to frozen version normal on input line 349.
LaTeX Font Info:    No math alphabet change to frozen version normal on input line 349.
LaTeX Font Info:    No math alphabet change to frozen version normal on input line 349.
LaTeX Font Info:    No math alphabet change to frozen version normal on input line 349.
LaTeX Font Info:    No math alphabet change to frozen version normal on input line 349.
LaTeX Font Info:    No math alphabet change to frozen version normal on input line 349.
LaTeX Font Info:    No math alphabet change to frozen version normal on input line 349.
LaTeX Font Info:    No math alphabet change to frozen version normal on input line 349.
LaTeX Font Info:    No math alphabet change to frozen version normal on input line 350.
LaTeX Font Info:    No math alphabet change to frozen version normal on input line 350.
LaTeX Font Info:    No math alphabet change to frozen version normal on input line 351.
LaTeX Font Info:    No math alphabet change to frozen version normal on input line 353.
LaTeX Font Info:    No math alphabet change to frozen version normal on input line 353.
Package mdframed Info: mdframed detected package amsthm 
 changed the theorem header of amsthm
(mdframed)              on input line 355.
LaTeX Font Info:    No math alphabet change to frozen version normal on input line 356.
LaTeX Font Info:    No math alphabet change to frozen version normal on input line 359.
LaTeX Font Info:    No math alphabet change to frozen version normal on input line 359.
LaTeX Font Info:    No math alphabet change to frozen version normal on input line 359.
LaTeX Font Info:    No math alphabet change to frozen version normal on input line 359.
LaTeX Font Info:    No math alphabet change to frozen version normal on input line 359.
LaTeX Font Info:    No math alphabet change to frozen version normal on input line 359.
LaTeX Font Info:    No math alphabet change to frozen version normal on input line 363.
LaTeX Font Info:    No math alphabet change to frozen version normal on input line 363.
LaTeX Font Info:    No math alphabet change to frozen version normal on input line 363.
LaTeX Font Info:    No math alphabet change to frozen version normal on input line 364.
LaTeX Font Info:    No math alphabet change to frozen version normal on input line 374.
LaTeX Font Info:    No math alphabet change to frozen version normal on input line 374.
LaTeX Font Info:    No math alphabet change to frozen version normal on input line 374.
LaTeX Font Info:    No math alphabet change to frozen version normal on input line 374.
LaTeX Font Info:    No math alphabet change to frozen version normal on input line 374.
LaTeX Font Info:    No math alphabet change to frozen version normal on input line 374.
LaTeX Font Info:    No math alphabet change to frozen version normal on input line 374.
LaTeX Font Info:    No math alphabet change to frozen version normal on input line 374.
LaTeX Font Info:    No math alphabet change to frozen version normal on input line 374.
LaTeX Font Info:    No math alphabet change to frozen version normal on input line 374.
LaTeX Font Info:    No math alphabet change to frozen version normal on input line 374.
LaTeX Font Info:    No math alphabet change to frozen version normal on input line 374.
LaTeX Font Info:    No math alphabet change to frozen version normal on input line 374.


LaTeX Font Info:    No math alphabet change to frozen version normal on input line 374.
LaTeX Font Info:    No math alphabet change to frozen version normal on input line 374.
LaTeX Font Info:    No math alphabet change to frozen version normal on input line 374.
LaTeX Font Info:    No math alphabet change to frozen version normal on input line 374.
LaTeX Font Info:    No math alphabet change to frozen version normal on input line 374.
LaTeX Font Info:    No math alphabet change to frozen version normal on input line 374.
[9]
LaTeX Font Info:    No math alphabet change to frozen version normal on input line 374.
LaTeX Font Info:    No math alphabet change to frozen version normal on input line 375.
LaTeX Font Info:    No math alphabet change to frozen version normal on input line 378.
LaTeX Font Info:    No math alphabet change to frozen version normal on input line 378.
LaTeX Font Info:    No math alphabet change to frozen version normal on input line 378.
LaTeX Font Info:    No math alphabet change to frozen version normal on input line 378.
LaTeX Font Info:    No math alphabet change to frozen version normal on input line 378.
LaTeX Font Info:    No math alphabet change to frozen version normal on input line 378.
LaTeX Font Info:    No math alphabet change to frozen version normal on input line 378.
LaTeX Font Info:    No math alphabet change to frozen version normal on input line 378.
LaTeX Font Info:    No math alphabet change to frozen version normal on input line 378.
LaTeX Font Info:    No math alphabet change to frozen version normal on input line 378.
LaTeX Font Info:    No math alphabet change to frozen version normal on input line 378.
LaTeX Font Info:    No math alphabet change to frozen version normal on input line 378.
LaTeX Font Info:    No math alphabet change to frozen version normal on input line 378.
LaTeX Font Info:    No math alphabet change to frozen version normal on input line 378.
LaTeX Font Info:    No math alphabet change to frozen version normal on input line 378.
LaTeX Font Info:    No math alphabet change to frozen version normal on input line 378.
LaTeX Font Info:    No math alphabet change to frozen version normal on input line 378.
LaTeX Font Info:    No math alphabet change to frozen version normal on input line 378.
LaTeX Font Info:    No math alphabet change to frozen version normal on input line 378.
LaTeX Font Info:    No math alphabet change to frozen version normal on input line 378.
LaTeX Font Info:    No math alphabet change to frozen version normal on input line 378.
LaTeX Font Info:    No math alphabet change to frozen version normal on input line 378.
LaTeX Font Info:    No math alphabet change to frozen version normal on input line 386.
LaTeX Font Info:    Undo math alphabet allocation in version normal on input line 386.
LaTeX Font Info:    No math alphabet change to frozen version normal on input line 386.
LaTeX Font Info:    No math alphabet change to frozen version normal on input line 386.
LaTeX Font Info:    No math alphabet change to frozen version normal on input line 386.
LaTeX Font Info:    No math alphabet change to frozen version normal on input line 386.
LaTeX Font Info:    No math alphabet change to frozen version normal on input line 386.
LaTeX Font Info:    No math alphabet change to frozen version normal on input line 386.
LaTeX Font Info:    No math alphabet change to frozen version normal on input line 386.
LaTeX Font Info:    No math alphabet change to frozen version normal on input line 386.
LaTeX Font Info:    No math alphabet change to frozen version normal on input line 386.
LaTeX Font Info:    No math alphabet change to frozen version normal on input line 386.
LaTeX Font Info:    No math alphabet change to frozen version normal on input line 386.
LaTeX Font Info:    No math alphabet change to frozen version normal on input line 386.
LaTeX Font Info:    No math alphabet change to frozen version normal on input line 386.
LaTeX Font Info:    No math alphabet change to frozen version normal on input line 386.
LaTeX Font Info:    No math alphabet change to frozen version normal on input line 386.
LaTeX Font Info:    Undo math alphabet allocation in version normal on input line 386.
LaTeX Font Info:    No math alphabet change to frozen version normal on input line 386.
LaTeX Font Info:    No math alphabet change to frozen version normal on input line 386.
LaTeX Font Info:    No math alphabet change to frozen version normal on input line 386.
LaTeX Font Info:    No math alphabet change to frozen version normal on input line 386.
LaTeX Font Info:    No math alphabet change to frozen version normal on input line 386.
LaTeX Font Info:    No math alphabet change to frozen version normal on input line 386.
LaTeX Font Info:    No math alphabet change to frozen version normal on input line 386.
LaTeX Font Info:    No math alphabet change to frozen version normal on input line 386.
LaTeX Font Info:    No math alphabet change to frozen version normal on input line 386.
LaTeX Font Info:    No math alphabet change to frozen version normal on input line 386.
LaTeX Font Info:    No math alphabet change to frozen version normal on input line 386.
LaTeX Font Info:    No math alphabet change to frozen version normal on input line 386.
LaTeX Font Info:    No math alphabet change to frozen version normal on input line 399.
LaTeX Font Info:    No math alphabet change to frozen version normal on input line 399.
LaTeX Font Info:    No math alphabet change to frozen version normal on input line 399.
LaTeX Font Info:    No math alphabet change to frozen version normal on input line 399.
LaTeX Font Info:    No math alphabet change to frozen version normal on input line 399.
LaTeX Font Info:    No math alphabet change to frozen version normal on input line 399.
LaTeX Font Info:    No math alphabet change to frozen version normal on input line 399.
LaTeX Font Info:    No math alphabet change to frozen version normal on input line 399.
LaTeX Font Info:    No math alphabet change to frozen version normal on input line 399.
LaTeX Font Info:    No math alphabet change to frozen version normal on input line 399.
LaTeX Font Info:    No math alphabet change to frozen version normal on input line 399.
LaTeX Font Info:    No math alphabet change to frozen version normal on input line 399.
LaTeX Font Info:    No math alphabet change to frozen version normal on input line 399.
LaTeX Font Info:    No math alphabet change to frozen version normal on input line 399.
LaTeX Font Info:    No math alphabet change to frozen version normal on input line 399.
LaTeX Font Info:    No math alphabet change to frozen version normal on input line 399.
LaTeX Font Info:    No math alphabet change to frozen version normal on input line 403.
LaTeX Font Info:    No math alphabet change to frozen version normal on input line 403.
LaTeX Font Info:    No math alphabet change to frozen version normal on input line 403.
LaTeX Font Info:    No math alphabet change to frozen version normal on input line 403.
LaTeX Font Info:    No math alphabet change to frozen version normal on input line 403.
LaTeX Font Info:    No math alphabet change to frozen version normal on input line 403.
LaTeX Font Info:    Undo math alphabet allocation in version normal on input line 411.
LaTeX Font Info:    No math alphabet change to frozen version normal on input line 411.
LaTeX Font Info:    No math alphabet change to frozen version normal on input line 411.
LaTeX Font Info:    No math alphabet change to frozen version normal on input line 411.
LaTeX Font Info:    No math alphabet change to frozen version normal on input line 411.
LaTeX Font Info:    No math alphabet change to frozen version normal on input line 411.
LaTeX Font Info:    No math alphabet change to frozen version normal on input line 411.
LaTeX Font Info:    No math alphabet change to frozen version normal on input line 411.
LaTeX Font Info:    No math alphabet change to frozen version normal on input line 411.
LaTeX Font Info:    No math alphabet change to frozen version normal on input line 411.
LaTeX Font Info:    No math alphabet change to frozen version normal on input line 411.
LaTeX Font Info:    No math alphabet change to frozen version normal on input line 411.
LaTeX Font Info:    No math alphabet change to frozen version normal on input line 411.
LaTeX Font Info:    No math alphabet change to frozen version normal on input line 411.
LaTeX Font Info:    No math alphabet change to frozen version normal on input line 411.
LaTeX Font Info:    Undo math alphabet allocation in version normal on input line 411.
LaTeX Font Info:    No math alphabet change to frozen version normal on input line 411.
LaTeX Font Info:    No math alphabet change to frozen version normal on input line 411.
LaTeX Font Info:    No math alphabet change to frozen version normal on input line 411.
LaTeX Font Info:    No math alphabet change to frozen version normal on input line 411.
LaTeX Font Info:    No math alphabet change to frozen version normal on input line 411.
LaTeX Font Info:    No math alphabet change to frozen version normal on input line 411.
LaTeX Font Info:    No math alphabet change to frozen version normal on input line 411.
LaTeX Font Info:    No math alphabet change to frozen version normal on input line 411.
LaTeX Font Info:    No math alphabet change to frozen version normal on input line 411.
LaTeX Font Info:    No math alphabet change to frozen version normal on input line 411.
LaTeX Font Info:    No math alphabet change to frozen version normal on input line 411.
LaTeX Font Info:    No math alphabet change to frozen version normal on input line 411.
LaTeX Font Info:    No math alphabet change to frozen version normal on input line 411.
LaTeX Font Info:    No math alphabet change to frozen version normal on input line 416.
LaTeX Font Info:    No math alphabet change to frozen version normal on input line 416.
LaTeX Font Info:    No math alphabet change to frozen version normal on input line 416.
LaTeX Font Info:    No math alphabet change to frozen version normal on input line 416.
LaTeX Font Info:    No math alphabet change to frozen version normal on input line 416.
LaTeX Font Info:    No math alphabet change to frozen version normal on input line 419.
LaTeX Font Info:    No math alphabet change to frozen version normal on input line 419.
LaTeX Font Info:    No math alphabet change to frozen version normal on input line 419.
LaTeX Font Info:    No math alphabet change to frozen version normal on input line 419.
LaTeX Font Info:    No math alphabet change to frozen version normal on input line 419.


LaTeX Font Info:    No math alphabet change to frozen version normal on input line 419.
LaTeX Font Info:    No math alphabet change to frozen version normal on input line 419.
LaTeX Font Info:    No math alphabet change to frozen version normal on input line 419.
LaTeX Font Info:    No math alphabet change to frozen version normal on input line 419.
LaTeX Font Info:    No math alphabet change to frozen version normal on input line 419.
LaTeX Font Info:    No math alphabet change to frozen version normal on input line 419.
[10]
LaTeX Font Info:    No math alphabet change to frozen version normal on input line 419.
LaTeX Font Info:    No math alphabet change to frozen version normal on input line 420.
LaTeX Font Info:    No math alphabet change to frozen version normal on input line 420.
LaTeX Font Info:    No math alphabet change to frozen version normal on input line 423.
LaTeX Font Info:    No math alphabet change to frozen version normal on input line 423.
LaTeX Font Info:    No math alphabet change to frozen version normal on input line 423.
LaTeX Font Info:    No math alphabet change to frozen version normal on input line 423.
LaTeX Font Info:    No math alphabet change to frozen version normal on input line 423.
LaTeX Font Info:    No math alphabet change to frozen version normal on input line 423.
Package mdframed Info: mdframed detected package amsthm 
 changed the theorem header of amsthm
(mdframed)              on input line 427.
Package mdframed Info: mdframed detected package amsthm 
 changed the theorem header of amsthm
(mdframed)              on input line 431.
Package hyperref Info: bookmark level for unknown example* defaults to 0 on input line 431.
LaTeX Font Info:    No math alphabet change to frozen version normal on input line 435.
LaTeX Font Info:    No math alphabet change to frozen version normal on input line 435.
LaTeX Font Info:    No math alphabet change to frozen version normal on input line 435.
LaTeX Font Info:    No math alphabet change to frozen version normal on input line 435.
LaTeX Font Info:    No math alphabet change to frozen version normal on input line 435.
LaTeX Font Info:    No math alphabet change to frozen version normal on input line 435.
LaTeX Font Info:    No math alphabet change to frozen version normal on input line 435.
LaTeX Font Info:    No math alphabet change to frozen version normal on input line 435.
LaTeX Font Info:    No math alphabet change to frozen version normal on input line 435.
LaTeX Font Info:    No math alphabet change to frozen version normal on input line 435.
LaTeX Font Info:    No math alphabet change to frozen version normal on input line 435.
LaTeX Font Info:    No math alphabet change to frozen version normal on input line 435.
LaTeX Font Info:    No math alphabet change to frozen version normal on input line 441.
LaTeX Font Info:    No math alphabet change to frozen version normal on input line 441.
LaTeX Font Info:    No math alphabet change to frozen version normal on input line 441.
LaTeX Font Info:    No math alphabet change to frozen version normal on input line 441.
LaTeX Font Info:    No math alphabet change to frozen version normal on input line 441.
LaTeX Font Info:    No math alphabet change to frozen version normal on input line 441.
LaTeX Font Info:    No math alphabet change to frozen version normal on input line 441.
LaTeX Font Info:    No math alphabet change to frozen version normal on input line 441.
LaTeX Font Info:    No math alphabet change to frozen version normal on input line 441.
LaTeX Font Info:    No math alphabet change to frozen version normal on input line 441.
LaTeX Font Info:    No math alphabet change to frozen version normal on input line 441.
LaTeX Font Info:    No math alphabet change to frozen version normal on input line 441.
LaTeX Font Info:    No math alphabet change to frozen version normal on input line 441.
LaTeX Font Info:    No math alphabet change to frozen version normal on input line 441.
LaTeX Font Info:    No math alphabet change to frozen version normal on input line 441.
LaTeX Font Info:    No math alphabet change to frozen version normal on input line 441.
LaTeX Font Info:    No math alphabet change to frozen version normal on input line 442.
LaTeX Font Info:    No math alphabet change to frozen version normal on input line 442.
LaTeX Font Info:    No math alphabet change to frozen version normal on input line 442.
LaTeX Font Info:    No math alphabet change to frozen version normal on input line 442.
LaTeX Font Info:    No math alphabet change to frozen version normal on input line 442.
Package mdframed Info: mdframed detected package amsthm 
 changed the theorem header of amsthm
(mdframed)              on input line 446.
LaTeX Font Info:    No math alphabet change to frozen version normal on input line 446.
LaTeX Font Info:    No math alphabet change to frozen version normal on input line 446.
LaTeX Font Info:    No math alphabet change to frozen version normal on input line 446.
LaTeX Font Info:    Undo math alphabet allocation in version normal on input line 446.
LaTeX Font Info:    Undo math alphabet allocation in version normal on input line 455.
LaTeX Font Info:    No math alphabet change to frozen version normal on input line 455.
LaTeX Font Info:    No math alphabet change to frozen version normal on input line 455.
LaTeX Font Info:    No math alphabet change to frozen version normal on input line 455.
LaTeX Font Info:    No math alphabet change to frozen version normal on input line 455.
LaTeX Font Info:    Undo math alphabet allocation in version normal on input line 455.
LaTeX Font Info:    No math alphabet change to frozen version normal on input line 455.
LaTeX Font Info:    No math alphabet change to frozen version normal on input line 455.
LaTeX Font Info:    No math alphabet change to frozen version normal on input line 455.
LaTeX Font Info:    Undo math alphabet allocation in version normal on input line 455.
LaTeX Font Info:    No math alphabet change to frozen version normal on input line 455.
LaTeX Font Info:    No math alphabet change to frozen version normal on input line 455.
LaTeX Font Info:    No math alphabet change to frozen version normal on input line 455.
LaTeX Font Info:    No math alphabet change to frozen version normal on input line 455.
LaTeX Font Info:    Undo math alphabet allocation in version normal on input line 455.
LaTeX Font Info:    No math alphabet change to frozen version normal on input line 455.
LaTeX Font Info:    No math alphabet change to frozen version normal on input line 456.
LaTeX Font Info:    No math alphabet change to frozen version normal on input line 459.
LaTeX Font Info:    No math alphabet change to frozen version normal on input line 459.
LaTeX Font Info:    No math alphabet change to frozen version normal on input line 459.
LaTeX Font Info:    No math alphabet change to frozen version normal on input line 459.
LaTeX Font Info:    No math alphabet change to frozen version normal on input line 459.
LaTeX Font Info:    No math alphabet change to frozen version normal on input line 459.
LaTeX Font Info:    No math alphabet change to frozen version normal on input line 462.
LaTeX Font Info:    No math alphabet change to frozen version normal on input line 462.
LaTeX Font Info:    No math alphabet change to frozen version normal on input line 462.
LaTeX Font Info:    No math alphabet change to frozen version normal on input line 462.
LaTeX Font Info:    No math alphabet change to frozen version normal on input line 462.
LaTeX Font Info:    No math alphabet change to frozen version normal on input line 462.
Package mdframed Info: mdframed detected package amsthm 
 changed the theorem header of amsthm
(mdframed)              on input line 466.
LaTeX Font Info:    No math alphabet change to frozen version normal on input line 466.
LaTeX Font Info:    No math alphabet change to frozen version normal on input line 466.


LaTeX Font Info:    No math alphabet change to frozen version normal on input line 467.
LaTeX Font Info:    No math alphabet change to frozen version normal on input line 467.
LaTeX Font Info:    No math alphabet change to frozen version normal on input line 467.
LaTeX Font Info:    No math alphabet change to frozen version normal on input line 467.
LaTeX Font Info:    No math alphabet change to frozen version normal on input line 467.
LaTeX Font Info:    No math alphabet change to frozen version normal on input line 467.
[11]
Package mdframed Info: Not enough space on this page on input line 467.
Package mdframed Info: mdframed detected package amsthm 
 changed the theorem header of amsthm
(mdframed)              on input line 469.
LaTeX Font Info:    No math alphabet change to frozen version normal on input line 470.
LaTeX Font Info:    No math alphabet change to frozen version normal on input line 470.
LaTeX Font Info:    No math alphabet change to frozen version normal on input line 473.
LaTeX Font Info:    No math alphabet change to frozen version normal on input line 473.
LaTeX Font Info:    No math alphabet change to frozen version normal on input line 473.
LaTeX Font Info:    No math alphabet change to frozen version normal on input line 473.
LaTeX Font Info:    No math alphabet change to frozen version normal on input line 473.
LaTeX Font Info:    No math alphabet change to frozen version normal on input line 473.
LaTeX Font Info:    No math alphabet change to frozen version normal on input line 483.
LaTeX Font Info:    No math alphabet change to frozen version normal on input line 483.
LaTeX Font Info:    No math alphabet change to frozen version normal on input line 483.
LaTeX Font Info:    No math alphabet change to frozen version normal on input line 483.
LaTeX Font Info:    No math alphabet change to frozen version normal on input line 483.
LaTeX Font Info:    No math alphabet change to frozen version normal on input line 483.
LaTeX Font Info:    No math alphabet change to frozen version normal on input line 483.
LaTeX Font Info:    No math alphabet change to frozen version normal on input line 483.
LaTeX Font Info:    No math alphabet change to frozen version normal on input line 483.
LaTeX Font Info:    No math alphabet change to frozen version normal on input line 483.
LaTeX Font Info:    No math alphabet change to frozen version normal on input line 483.
LaTeX Font Info:    No math alphabet change to frozen version normal on input line 483.
LaTeX Font Info:    No math alphabet change to frozen version normal on input line 483.
LaTeX Font Info:    No math alphabet change to frozen version normal on input line 483.
LaTeX Font Info:    No math alphabet change to frozen version normal on input line 483.
LaTeX Font Info:    No math alphabet change to frozen version normal on input line 483.
LaTeX Font Info:    No math alphabet change to frozen version normal on input line 483.
LaTeX Font Info:    No math alphabet change to frozen version normal on input line 483.
LaTeX Font Info:    No math alphabet change to frozen version normal on input line 483.
LaTeX Font Info:    No math alphabet change to frozen version normal on input line 483.
LaTeX Font Info:    No math alphabet change to frozen version normal on input line 484.
Package mdframed Info: mdframed detected package amsthm 
 changed the theorem header of amsthm
(mdframed)              on input line 486.
LaTeX Font Info:    No math alphabet change to frozen version normal on input line 487.
LaTeX Font Info:    No math alphabet change to frozen version normal on input line 487.
LaTeX Font Info:    No math alphabet change to frozen version normal on input line 487.
LaTeX Font Info:    No math alphabet change to frozen version normal on input line 487.
LaTeX Font Info:    No math alphabet change to frozen version normal on input line 487.
LaTeX Font Info:    No math alphabet change to frozen version normal on input line 487.
LaTeX Font Info:    No math alphabet change to frozen version normal on input line 490.
LaTeX Font Info:    No math alphabet change to frozen version normal on input line 490.
LaTeX Font Info:    No math alphabet change to frozen version normal on input line 490.
LaTeX Font Info:    No math alphabet change to frozen version normal on input line 490.
LaTeX Font Info:    No math alphabet change to frozen version normal on input line 490.
LaTeX Font Info:    No math alphabet change to frozen version normal on input line 490.
LaTeX Font Info:    No math alphabet change to frozen version normal on input line 500.
LaTeX Font Info:    No math alphabet change to frozen version normal on input line 500.
LaTeX Font Info:    No math alphabet change to frozen version normal on input line 500.
LaTeX Font Info:    No math alphabet change to frozen version normal on input line 500.
LaTeX Font Info:    No math alphabet change to frozen version normal on input line 500.
LaTeX Font Info:    No math alphabet change to frozen version normal on input line 500.
LaTeX Font Info:    No math alphabet change to frozen version normal on input line 500.
LaTeX Font Info:    No math alphabet change to frozen version normal on input line 500.
LaTeX Font Info:    No math alphabet change to frozen version normal on input line 500.
LaTeX Font Info:    No math alphabet change to frozen version normal on input line 500.
LaTeX Font Info:    No math alphabet change to frozen version normal on input line 500.
LaTeX Font Info:    No math alphabet change to frozen version normal on input line 500.
LaTeX Font Info:    No math alphabet change to frozen version normal on input line 500.
LaTeX Font Info:    No math alphabet change to frozen version normal on input line 500.
LaTeX Font Info:    No math alphabet change to frozen version normal on input line 500.
LaTeX Font Info:    No math alphabet change to frozen version normal on input line 500.
LaTeX Font Info:    No math alphabet change to frozen version normal on input line 500.
LaTeX Font Info:    No math alphabet change to frozen version normal on input line 500.
LaTeX Font Info:    No math alphabet change to frozen version normal on input line 500.
LaTeX Font Info:    No math alphabet change to frozen version normal on input line 500.
LaTeX Font Info:    No math alphabet change to frozen version normal on input line 501.
Package mdframed Info: mdframed detected package amsthm 
 changed the theorem header of amsthm
(mdframed)              on input line 503.
LaTeX Font Info:    No math alphabet change to frozen version normal on input line 504.
LaTeX Font Info:    No math alphabet change to frozen version normal on input line 504.
LaTeX Font Info:    No math alphabet change to frozen version normal on input line 504.
LaTeX Font Info:    No math alphabet change to frozen version normal on input line 504.
LaTeX Font Info:    No math alphabet change to frozen version normal on input line 504.
LaTeX Font Info:    No math alphabet change to frozen version normal on input line 507.
LaTeX Font Info:    No math alphabet change to frozen version normal on input line 507.
LaTeX Font Info:    No math alphabet change to frozen version normal on input line 507.
LaTeX Font Info:    No math alphabet change to frozen version normal on input line 507.
LaTeX Font Info:    No math alphabet change to frozen version normal on input line 507.
LaTeX Font Info:    No math alphabet change to frozen version normal on input line 507.
LaTeX Font Info:    No math alphabet change to frozen version normal on input line 511.
LaTeX Font Info:    No math alphabet change to frozen version normal on input line 511.
LaTeX Font Info:    No math alphabet change to frozen version normal on input line 512.
LaTeX Font Info:    No math alphabet change to frozen version normal on input line 514.
LaTeX Font Info:    No math alphabet change to frozen version normal on input line 514.
LaTeX Font Info:    No math alphabet change to frozen version normal on input line 514.
LaTeX Font Info:    No math alphabet change to frozen version normal on input line 514.


LaTeX Font Info:    No math alphabet change to frozen version normal on input line 515.
LaTeX Font Info:    No math alphabet change to frozen version normal on input line 515.
LaTeX Font Info:    No math alphabet change to frozen version normal on input line 515.
LaTeX Font Info:    No math alphabet change to frozen version normal on input line 515.
LaTeX Font Info:    No math alphabet change to frozen version normal on input line 515.
LaTeX Font Info:    No math alphabet change to frozen version normal on input line 515.
[12]
Package mdframed Info: mdframed detected package amsthm 
 changed the theorem header of amsthm
(mdframed)              on input line 516.
LaTeX Font Info:    No math alphabet change to frozen version normal on input line 517.
LaTeX Font Info:    No math alphabet change to frozen version normal on input line 517.
LaTeX Font Info:    No math alphabet change to frozen version normal on input line 517.
LaTeX Font Info:    No math alphabet change to frozen version normal on input line 517.
LaTeX Font Info:    No math alphabet change to frozen version normal on input line 519.
LaTeX Font Info:    No math alphabet change to frozen version normal on input line 519.
LaTeX Font Info:    No math alphabet change to frozen version normal on input line 519.
LaTeX Font Info:    No math alphabet change to frozen version normal on input line 519.
LaTeX Font Info:    No math alphabet change to frozen version normal on input line 519.
LaTeX Font Info:    No math alphabet change to frozen version normal on input line 519.
LaTeX Font Info:    Undo math alphabet allocation in version normal on input line 519.
LaTeX Font Info:    No math alphabet change to frozen version normal on input line 523.
LaTeX Font Info:    Undo math alphabet allocation in version normal on input line 523.
LaTeX Font Info:    No math alphabet change to frozen version normal on input line 523.
LaTeX Font Info:    No math alphabet change to frozen version normal on input line 523.
LaTeX Font Info:    No math alphabet change to frozen version normal on input line 523.
LaTeX Font Info:    No math alphabet change to frozen version normal on input line 523.
LaTeX Font Info:    No math alphabet change to frozen version normal on input line 523.
LaTeX Font Info:    No math alphabet change to frozen version normal on input line 523.
LaTeX Font Info:    Undo math alphabet allocation in version normal on input line 523.
LaTeX Font Info:    No math alphabet change to frozen version normal on input line 523.
LaTeX Font Info:    No math alphabet change to frozen version normal on input line 523.
LaTeX Font Info:    No math alphabet change to frozen version normal on input line 523.
LaTeX Font Info:    Undo math alphabet allocation in version normal on input line 527.
LaTeX Font Info:    No math alphabet change to frozen version normal on input line 527.
LaTeX Font Info:    No math alphabet change to frozen version normal on input line 527.
LaTeX Font Info:    Undo math alphabet allocation in version normal on input line 527.
LaTeX Font Info:    No math alphabet change to frozen version normal on input line 527.
LaTeX Font Info:    No math alphabet change to frozen version normal on input line 527.
LaTeX Font Info:    Undo math alphabet allocation in version normal on input line 528.
LaTeX Font Info:    No math alphabet change to frozen version normal on input line 528.
LaTeX Font Info:    Undo math alphabet allocation in version normal on input line 531.
LaTeX Font Info:    No math alphabet change to frozen version normal on input line 531.
LaTeX Font Info:    No math alphabet change to frozen version normal on input line 531.
LaTeX Font Info:    Undo math alphabet allocation in version normal on input line 531.
LaTeX Font Info:    No math alphabet change to frozen version normal on input line 531.
LaTeX Font Info:    No math alphabet change to frozen version normal on input line 531.
LaTeX Font Info:    Undo math alphabet allocation in version normal on input line 532.
LaTeX Font Info:    No math alphabet change to frozen version normal on input line 532.
LaTeX Font Info:    No math alphabet change to frozen version normal on input line 535.
Package mdframed Info: mdframed detected package amsthm 
 changed the theorem header of amsthm
(mdframed)              on input line 538.
LaTeX Font Info:    No math alphabet change to frozen version normal on input line 544.
LaTeX Font Info:    No math alphabet change to frozen version normal on input line 544.
LaTeX Font Info:    No math alphabet change to frozen version normal on input line 544.
LaTeX Font Info:    No math alphabet change to frozen version normal on input line 544.
LaTeX Font Info:    No math alphabet change to frozen version normal on input line 544.
LaTeX Font Info:    No math alphabet change to frozen version normal on input line 544.
LaTeX Font Info:    No math alphabet change to frozen version normal on input line 544.
LaTeX Font Info:    No math alphabet change to frozen version normal on input line 544.
LaTeX Font Info:    No math alphabet change to frozen version normal on input line 544.
LaTeX Font Info:    No math alphabet change to frozen version normal on input line 544.
LaTeX Font Info:    No math alphabet change to frozen version normal on input line 544.
LaTeX Font Info:    No math alphabet change to frozen version normal on input line 544.
LaTeX Font Info:    No math alphabet change to frozen version normal on input line 549.
LaTeX Font Info:    No math alphabet change to frozen version normal on input line 549.
LaTeX Font Info:    No math alphabet change to frozen version normal on input line 549.
LaTeX Font Info:    No math alphabet change to frozen version normal on input line 549.
LaTeX Font Info:    No math alphabet change to frozen version normal on input line 549.
LaTeX Font Info:    No math alphabet change to frozen version normal on input line 549.
LaTeX Font Info:    No math alphabet change to frozen version normal on input line 549.
LaTeX Font Info:    No math alphabet change to frozen version normal on input line 549.
LaTeX Font Info:    No math alphabet change to frozen version normal on input line 549.
LaTeX Font Info:    No math alphabet change to frozen version normal on input line 549.
LaTeX Font Info:    No math alphabet change to frozen version normal on input line 549.
LaTeX Font Info:    No math alphabet change to frozen version normal on input line 549.
LaTeX Font Info:    No math alphabet change to frozen version normal on input line 549.
LaTeX Font Info:    No math alphabet change to frozen version normal on input line 549.
LaTeX Font Info:    No math alphabet change to frozen version normal on input line 549.
LaTeX Font Info:    No math alphabet change to frozen version normal on input line 549.
LaTeX Font Info:    No math alphabet change to frozen version normal on input line 549.
LaTeX Font Info:    No math alphabet change to frozen version normal on input line 549.
LaTeX Font Info:    No math alphabet change to frozen version normal on input line 549.
LaTeX Font Info:    No math alphabet change to frozen version normal on input line 549.
LaTeX Font Info:    No math alphabet change to frozen version normal on input line 549.
LaTeX Font Info:    No math alphabet change to frozen version normal on input line 549.
LaTeX Font Info:    No math alphabet change to frozen version normal on input line 549.
LaTeX Font Info:    No math alphabet change to frozen version normal on input line 549.
LaTeX Font Info:    No math alphabet change to frozen version normal on input line 549.
LaTeX Font Info:    No math alphabet change to frozen version normal on input line 549.
LaTeX Font Info:    No math alphabet change to frozen version normal on input line 549.
LaTeX Font Info:    No math alphabet change to frozen version normal on input line 549.
LaTeX Font Info:    No math alphabet change to frozen version normal on input line 550.
LaTeX Font Info:    No math alphabet change to frozen version normal on input line 550.
LaTeX Font Info:    No math alphabet change to frozen version normal on input line 550.
LaTeX Font Info:    No math alphabet change to frozen version normal on input line 553.
LaTeX Font Info:    No math alphabet change to frozen version normal on input line 553.
LaTeX Font Info:    No math alphabet change to frozen version normal on input line 553.
LaTeX Font Info:    No math alphabet change to frozen version normal on input line 553.
LaTeX Font Info:    No math alphabet change to frozen version normal on input line 553.
LaTeX Font Info:    No math alphabet change to frozen version normal on input line 553.
LaTeX Font Info:    No math alphabet change to frozen version normal on input line 553.
LaTeX Font Info:    No math alphabet change to frozen version normal on input line 553.
LaTeX Font Info:    No math alphabet change to frozen version normal on input line 553.
LaTeX Font Info:    No math alphabet change to frozen version normal on input line 553.
LaTeX Font Info:    No math alphabet change to frozen version normal on input line 553.
LaTeX Font Info:    No math alphabet change to frozen version normal on input line 553.
LaTeX Font Info:    No math alphabet change to frozen version normal on input line 554.
LaTeX Font Info:    No math alphabet change to frozen version normal on input line 554.
LaTeX Font Info:    No math alphabet change to frozen version normal on input line 554.
LaTeX Font Info:    No math alphabet change to frozen version normal on input line 561.
LaTeX Font Info:    No math alphabet change to frozen version normal on input line 561.
LaTeX Font Info:    No math alphabet change to frozen version normal on input line 561.
LaTeX Font Info:    No math alphabet change to frozen version normal on input line 561.
LaTeX Font Info:    No math alphabet change to frozen version normal on input line 561.
LaTeX Font Info:    No math alphabet change to frozen version normal on input line 561.
LaTeX Font Info:    No math alphabet change to frozen version normal on input line 561.
LaTeX Font Info:    No math alphabet change to frozen version normal on input line 561.
LaTeX Font Info:    No math alphabet change to frozen version normal on input line 561.
LaTeX Font Info:    No math alphabet change to frozen version normal on input line 561.
LaTeX Font Info:    No math alphabet change to frozen version normal on input line 561.
LaTeX Font Info:    No math alphabet change to frozen version normal on input line 561.
LaTeX Font Info:    No math alphabet change to frozen version normal on input line 561.
LaTeX Font Info:    No math alphabet change to frozen version normal on input line 561.
LaTeX Font Info:    No math alphabet change to frozen version normal on input line 561.
LaTeX Font Info:    No math alphabet change to frozen version normal on input line 561.
LaTeX Font Info:    No math alphabet change to frozen version normal on input line 561.
LaTeX Font Info:    No math alphabet change to frozen version normal on input line 561.
LaTeX Font Info:    No math alphabet change to frozen version normal on input line 561.
LaTeX Font Info:    No math alphabet change to frozen version normal on input line 561.
LaTeX Font Info:    No math alphabet change to frozen version normal on input line 561.
LaTeX Font Info:    No math alphabet change to frozen version normal on input line 561.
LaTeX Font Info:    No math alphabet change to frozen version normal on input line 561.
LaTeX Font Info:    No math alphabet change to frozen version normal on input line 561.
LaTeX Font Info:    No math alphabet change to frozen version normal on input line 561.
LaTeX Font Info:    No math alphabet change to frozen version normal on input line 561.
LaTeX Font Info:    No math alphabet change to frozen version normal on input line 561.
LaTeX Font Info:    No math alphabet change to frozen version normal on input line 561.
LaTeX Font Info:    No math alphabet change to frozen version normal on input line 561.
LaTeX Font Info:    No math alphabet change to frozen version normal on input line 561.
LaTeX Font Info:    No math alphabet change to frozen version normal on input line 561.
LaTeX Font Info:    No math alphabet change to frozen version normal on input line 561.
LaTeX Font Info:    No math alphabet change to frozen version normal on input line 561.
LaTeX Font Info:    No math alphabet change to frozen version normal on input line 561.
LaTeX Font Info:    No math alphabet change to frozen version normal on input line 561.
LaTeX Font Info:    No math alphabet change to frozen version normal on input line 561.
LaTeX Font Info:    No math alphabet change to frozen version normal on input line 561.
LaTeX Font Info:    No math alphabet change to frozen version normal on input line 561.
LaTeX Font Info:    No math alphabet change to frozen version normal on input line 561.
LaTeX Font Info:    No math alphabet change to frozen version normal on input line 561.
LaTeX Font Info:    No math alphabet change to frozen version normal on input line 561.
LaTeX Font Info:    No math alphabet change to frozen version normal on input line 561.
LaTeX Font Info:    No math alphabet change to frozen version normal on input line 561.
LaTeX Font Info:    No math alphabet change to frozen version normal on input line 561.
LaTeX Font Info:    No math alphabet change to frozen version normal on input line 561.
LaTeX Font Info:    No math alphabet change to frozen version normal on input line 561.
LaTeX Font Info:    No math alphabet change to frozen version normal on input line 561.
LaTeX Font Info:    No math alphabet change to frozen version normal on input line 561.
LaTeX Font Info:    No math alphabet change to frozen version normal on input line 561.
LaTeX Font Info:    No math alphabet change to frozen version normal on input line 561.
LaTeX Font Info:    No math alphabet change to frozen version normal on input line 561.
LaTeX Font Info:    No math alphabet change to frozen version normal on input line 561.


LaTeX Font Info:    No math alphabet change to frozen version normal on input line 564.
LaTeX Font Info:    No math alphabet change to frozen version normal on input line 564.
LaTeX Font Info:    No math alphabet change to frozen version normal on input line 564.
LaTeX Font Info:    No math alphabet change to frozen version normal on input line 564.
LaTeX Font Info:    No math alphabet change to frozen version normal on input line 564.
LaTeX Font Info:    No math alphabet change to frozen version normal on input line 564.
[13]
Package mdframed Info: mdframed detected package amsthm 
 changed the theorem header of amsthm
(mdframed)              on input line 566.
LaTeX Font Info:    No math alphabet change to frozen version normal on input line 574.
LaTeX Font Info:    No math alphabet change to frozen version normal on input line 582.
LaTeX Font Info:    No math alphabet change to frozen version normal on input line 590.
LaTeX Font Info:    No math alphabet change to frozen version normal on input line 599.
LaTeX Font Info:    No math alphabet change to frozen version normal on input line 599.
LaTeX Font Info:    No math alphabet change to frozen version normal on input line 599.
LaTeX Font Info:    No math alphabet change to frozen version normal on input line 599.
LaTeX Font Info:    No math alphabet change to frozen version normal on input line 599.
LaTeX Font Info:    No math alphabet change to frozen version normal on input line 599.
LaTeX Font Info:    No math alphabet change to frozen version normal on input line 599.
LaTeX Font Info:    No math alphabet change to frozen version normal on input line 599.
LaTeX Font Info:    No math alphabet change to frozen version normal on input line 599.
LaTeX Font Info:    No math alphabet change to frozen version normal on input line 599.
LaTeX Font Info:    No math alphabet change to frozen version normal on input line 599.
LaTeX Font Info:    No math alphabet change to frozen version normal on input line 599.
LaTeX Font Info:    No math alphabet change to frozen version normal on input line 599.
LaTeX Font Info:    No math alphabet change to frozen version normal on input line 599.
LaTeX Font Info:    No math alphabet change to frozen version normal on input line 599.
LaTeX Font Info:    No math alphabet change to frozen version normal on input line 599.
LaTeX Font Info:    No math alphabet change to frozen version normal on input line 599.
LaTeX Font Info:    No math alphabet change to frozen version normal on input line 599.
LaTeX Font Info:    No math alphabet change to frozen version normal on input line 599.
LaTeX Font Info:    No math alphabet change to frozen version normal on input line 599.
LaTeX Font Info:    No math alphabet change to frozen version normal on input line 599.
LaTeX Font Info:    No math alphabet change to frozen version normal on input line 599.
LaTeX Font Info:    No math alphabet change to frozen version normal on input line 605.
LaTeX Font Info:    Undo math alphabet allocation in version normal on input line 605.
LaTeX Font Info:    Undo math alphabet allocation in version normal on input line 605.
LaTeX Font Info:    Undo math alphabet allocation in version normal on input line 605.
LaTeX Font Info:    No math alphabet change to frozen version normal on input line 605.
LaTeX Font Info:    No math alphabet change to frozen version normal on input line 605.
LaTeX Font Info:    Undo math alphabet allocation in version normal on input line 605.
LaTeX Font Info:    No math alphabet change to frozen version normal on input line 605.
LaTeX Font Info:    No math alphabet change to frozen version normal on input line 605.
LaTeX Font Info:    No math alphabet change to frozen version normal on input line 605.
LaTeX Font Info:    No math alphabet change to frozen version normal on input line 605.
LaTeX Font Info:    Undo math alphabet allocation in version normal on input line 605.
LaTeX Font Info:    Undo math alphabet allocation in version normal on input line 605.
LaTeX Font Info:    Undo math alphabet allocation in version normal on input line 605.
LaTeX Font Info:    No math alphabet change to frozen version normal on input line 605.
LaTeX Font Info:    No math alphabet change to frozen version normal on input line 605.
LaTeX Font Info:    Undo math alphabet allocation in version normal on input line 605.
LaTeX Font Info:    No math alphabet change to frozen version normal on input line 605.
LaTeX Font Info:    No math alphabet change to frozen version normal on input line 613.
LaTeX Font Info:    Undo math alphabet allocation in version normal on input line 613.
LaTeX Font Info:    No math alphabet change to frozen version normal on input line 613.
LaTeX Font Info:    Undo math alphabet allocation in version normal on input line 613.
LaTeX Font Info:    No math alphabet change to frozen version normal on input line 613.
LaTeX Font Info:    Undo math alphabet allocation in version normal on input line 613.
LaTeX Font Info:    No math alphabet change to frozen version normal on input line 613.
LaTeX Font Info:    Undo math alphabet allocation in version normal on input line 613.
LaTeX Font Info:    No math alphabet change to frozen version normal on input line 613.
LaTeX Font Info:    Undo math alphabet allocation in version normal on input line 613.
LaTeX Font Info:    No math alphabet change to frozen version normal on input line 613.
LaTeX Font Info:    No math alphabet change to frozen version normal on input line 613.
LaTeX Font Info:    No math alphabet change to frozen version normal on input line 613.
LaTeX Font Info:    No math alphabet change to frozen version normal on input line 613.
LaTeX Font Info:    Undo math alphabet allocation in version normal on input line 613.
LaTeX Font Info:    No math alphabet change to frozen version normal on input line 613.
LaTeX Font Info:    Undo math alphabet allocation in version normal on input line 613.
LaTeX Font Info:    No math alphabet change to frozen version normal on input line 613.
LaTeX Font Info:    Undo math alphabet allocation in version normal on input line 613.
LaTeX Font Info:    No math alphabet change to frozen version normal on input line 613.
LaTeX Font Info:    Undo math alphabet allocation in version normal on input line 613.
LaTeX Font Info:    No math alphabet change to frozen version normal on input line 613.
LaTeX Font Info:    Undo math alphabet allocation in version normal on input line 613.
LaTeX Font Info:    No math alphabet change to frozen version normal on input line 613.
LaTeX Font Info:    Undo math alphabet allocation in version normal on input line 614.
LaTeX Font Info:    Undo math alphabet allocation in version normal on input line 614.
LaTeX Font Info:    No math alphabet change to frozen version normal on input line 616.
LaTeX Font Info:    No math alphabet change to frozen version normal on input line 616.
LaTeX Font Info:    No math alphabet change to frozen version normal on input line 616.


LaTeX Font Info:    No math alphabet change to frozen version normal on input line 617.
LaTeX Font Info:    No math alphabet change to frozen version normal on input line 617.
LaTeX Font Info:    No math alphabet change to frozen version normal on input line 617.
LaTeX Font Info:    No math alphabet change to frozen version normal on input line 617.
LaTeX Font Info:    No math alphabet change to frozen version normal on input line 617.
LaTeX Font Info:    No math alphabet change to frozen version normal on input line 617.
[14]
LaTeX Font Info:    No math alphabet change to frozen version normal on input line 623.
LaTeX Font Info:    No math alphabet change to frozen version normal on input line 623.
LaTeX Font Info:    No math alphabet change to frozen version normal on input line 623.
LaTeX Font Info:    No math alphabet change to frozen version normal on input line 623.
LaTeX Font Info:    No math alphabet change to frozen version normal on input line 623.
LaTeX Font Info:    No math alphabet change to frozen version normal on input line 623.


LaTeX Font Info:    No math alphabet change to frozen version normal on input line 624.
LaTeX Font Info:    No math alphabet change to frozen version normal on input line 624.
LaTeX Font Info:    No math alphabet change to frozen version normal on input line 624.
LaTeX Font Info:    No math alphabet change to frozen version normal on input line 624.
LaTeX Font Info:    No math alphabet change to frozen version normal on input line 624.
LaTeX Font Info:    No math alphabet change to frozen version normal on input line 624.
[15]
LaTeX Font Info:    No math alphabet change to frozen version normal on input line 626.
LaTeX Font Info:    No math alphabet change to frozen version normal on input line 626.
LaTeX Font Info:    No math alphabet change to frozen version normal on input line 632.
LaTeX Font Info:    No math alphabet change to frozen version normal on input line 632.
LaTeX Font Info:    No math alphabet change to frozen version normal on input line 632.
LaTeX Font Info:    No math alphabet change to frozen version normal on input line 632.
LaTeX Font Info:    No math alphabet change to frozen version normal on input line 632.
LaTeX Font Info:    No math alphabet change to frozen version normal on input line 633.
LaTeX Font Info:    No math alphabet change to frozen version normal on input line 633.
LaTeX Font Info:    No math alphabet change to frozen version normal on input line 633.
LaTeX Font Info:    No math alphabet change to frozen version normal on input line 633.
LaTeX Font Info:    No math alphabet change to frozen version normal on input line 633.
LaTeX Font Info:    No math alphabet change to frozen version normal on input line 637.
LaTeX Font Info:    No math alphabet change to frozen version normal on input line 637.
LaTeX Font Info:    No math alphabet change to frozen version normal on input line 637.
LaTeX Font Info:    No math alphabet change to frozen version normal on input line 637.
LaTeX Font Info:    No math alphabet change to frozen version normal on input line 637.
LaTeX Font Info:    No math alphabet change to frozen version normal on input line 637.
LaTeX Font Info:    No math alphabet change to frozen version normal on input line 637.
LaTeX Font Info:    No math alphabet change to frozen version normal on input line 637.
LaTeX Font Info:    No math alphabet change to frozen version normal on input line 637.
LaTeX Font Info:    No math alphabet change to frozen version normal on input line 637.
LaTeX Font Info:    No math alphabet change to frozen version normal on input line 637.
LaTeX Font Info:    No math alphabet change to frozen version normal on input line 637.
LaTeX Font Info:    No math alphabet change to frozen version normal on input line 638.
LaTeX Font Info:    No math alphabet change to frozen version normal on input line 638.
LaTeX Font Info:    No math alphabet change to frozen version normal on input line 638.
LaTeX Font Info:    No math alphabet change to frozen version normal on input line 638.
LaTeX Font Info:    No math alphabet change to frozen version normal on input line 638.
LaTeX Font Info:    No math alphabet change to frozen version normal on input line 638.
LaTeX Font Info:    No math alphabet change to frozen version normal on input line 638.
LaTeX Font Info:    No math alphabet change to frozen version normal on input line 638.
LaTeX Font Info:    No math alphabet change to frozen version normal on input line 638.
LaTeX Font Info:    No math alphabet change to frozen version normal on input line 638.
LaTeX Font Info:    No math alphabet change to frozen version normal on input line 643.
LaTeX Font Info:    No math alphabet change to frozen version normal on input line 643.
LaTeX Font Info:    No math alphabet change to frozen version normal on input line 643.
LaTeX Font Info:    No math alphabet change to frozen version normal on input line 643.
LaTeX Font Info:    No math alphabet change to frozen version normal on input line 643.
LaTeX Font Info:    No math alphabet change to frozen version normal on input line 643.
LaTeX Font Info:    No math alphabet change to frozen version normal on input line 643.
LaTeX Font Info:    No math alphabet change to frozen version normal on input line 643.
LaTeX Font Info:    No math alphabet change to frozen version normal on input line 643.
LaTeX Font Info:    No math alphabet change to frozen version normal on input line 643.
LaTeX Font Info:    No math alphabet change to frozen version normal on input line 643.
LaTeX Font Info:    No math alphabet change to frozen version normal on input line 643.
LaTeX Font Info:    No math alphabet change to frozen version normal on input line 643.
LaTeX Font Info:    No math alphabet change to frozen version normal on input line 643.
LaTeX Font Info:    No math alphabet change to frozen version normal on input line 643.
LaTeX Font Info:    No math alphabet change to frozen version normal on input line 643.
LaTeX Font Info:    No math alphabet change to frozen version normal on input line 644.
LaTeX Font Info:    No math alphabet change to frozen version normal on input line 644.
LaTeX Font Info:    No math alphabet change to frozen version normal on input line 648.
LaTeX Font Info:    No math alphabet change to frozen version normal on input line 648.
LaTeX Font Info:    No math alphabet change to frozen version normal on input line 648.
LaTeX Font Info:    No math alphabet change to frozen version normal on input line 648.
LaTeX Font Info:    No math alphabet change to frozen version normal on input line 648.
LaTeX Font Info:    No math alphabet change to frozen version normal on input line 648.
LaTeX Font Info:    No math alphabet change to frozen version normal on input line 648.
LaTeX Font Info:    No math alphabet change to frozen version normal on input line 648.
LaTeX Font Info:    No math alphabet change to frozen version normal on input line 648.
LaTeX Font Info:    No math alphabet change to frozen version normal on input line 648.
LaTeX Font Info:    No math alphabet change to frozen version normal on input line 648.
LaTeX Font Info:    No math alphabet change to frozen version normal on input line 648.
LaTeX Font Info:    No math alphabet change to frozen version normal on input line 649.
LaTeX Font Info:    No math alphabet change to frozen version normal on input line 653.
LaTeX Font Info:    No math alphabet change to frozen version normal on input line 653.
LaTeX Font Info:    No math alphabet change to frozen version normal on input line 653.
LaTeX Font Info:    No math alphabet change to frozen version normal on input line 653.
LaTeX Font Info:    No math alphabet change to frozen version normal on input line 653.
LaTeX Font Info:    No math alphabet change to frozen version normal on input line 653.
LaTeX Font Info:    No math alphabet change to frozen version normal on input line 653.
LaTeX Font Info:    No math alphabet change to frozen version normal on input line 653.
LaTeX Font Info:    No math alphabet change to frozen version normal on input line 653.
LaTeX Font Info:    No math alphabet change to frozen version normal on input line 653.
LaTeX Font Info:    No math alphabet change to frozen version normal on input line 653.
LaTeX Font Info:    No math alphabet change to frozen version normal on input line 653.
LaTeX Font Info:    No math alphabet change to frozen version normal on input line 654.
LaTeX Font Info:    No math alphabet change to frozen version normal on input line 654.
LaTeX Font Info:    No math alphabet change to frozen version normal on input line 654.
LaTeX Font Info:    No math alphabet change to frozen version normal on input line 654.
LaTeX Font Info:    No math alphabet change to frozen version normal on input line 654.
LaTeX Font Info:    No math alphabet change to frozen version normal on input line 654.
LaTeX Font Info:    No math alphabet change to frozen version normal on input line 659.
LaTeX Font Info:    No math alphabet change to frozen version normal on input line 659.
LaTeX Font Info:    No math alphabet change to frozen version normal on input line 659.
LaTeX Font Info:    No math alphabet change to frozen version normal on input line 659.
LaTeX Font Info:    No math alphabet change to frozen version normal on input line 659.
LaTeX Font Info:    No math alphabet change to frozen version normal on input line 659.
LaTeX Font Info:    No math alphabet change to frozen version normal on input line 659.
LaTeX Font Info:    No math alphabet change to frozen version normal on input line 659.
LaTeX Font Info:    No math alphabet change to frozen version normal on input line 660.
LaTeX Font Info:    No math alphabet change to frozen version normal on input line 665.
LaTeX Font Info:    No math alphabet change to frozen version normal on input line 665.
LaTeX Font Info:    No math alphabet change to frozen version normal on input line 665.
LaTeX Font Info:    No math alphabet change to frozen version normal on input line 665.
LaTeX Font Info:    No math alphabet change to frozen version normal on input line 665.
LaTeX Font Info:    No math alphabet change to frozen version normal on input line 665.
LaTeX Font Info:    No math alphabet change to frozen version normal on input line 665.
LaTeX Font Info:    No math alphabet change to frozen version normal on input line 665.
LaTeX Font Info:    No math alphabet change to frozen version normal on input line 665.
LaTeX Font Info:    No math alphabet change to frozen version normal on input line 665.
LaTeX Font Info:    No math alphabet change to frozen version normal on input line 665.
LaTeX Font Info:    No math alphabet change to frozen version normal on input line 665.
LaTeX Font Info:    No math alphabet change to frozen version normal on input line 665.
LaTeX Font Info:    No math alphabet change to frozen version normal on input line 665.
LaTeX Font Info:    No math alphabet change to frozen version normal on input line 665.
LaTeX Font Info:    No math alphabet change to frozen version normal on input line 665.
LaTeX Font Info:    No math alphabet change to frozen version normal on input line 665.
LaTeX Font Info:    No math alphabet change to frozen version normal on input line 665.
LaTeX Font Info:    No math alphabet change to frozen version normal on input line 665.
LaTeX Font Info:    No math alphabet change to frozen version normal on input line 665.
LaTeX Font Info:    No math alphabet change to frozen version normal on input line 665.
LaTeX Font Info:    No math alphabet change to frozen version normal on input line 665.
LaTeX Font Info:    No math alphabet change to frozen version normal on input line 665.
LaTeX Font Info:    No math alphabet change to frozen version normal on input line 665.
LaTeX Font Info:    No math alphabet change to frozen version normal on input line 665.
LaTeX Font Info:    No math alphabet change to frozen version normal on input line 665.
LaTeX Font Info:    No math alphabet change to frozen version normal on input line 665.
LaTeX Font Info:    No math alphabet change to frozen version normal on input line 665.
LaTeX Font Info:    No math alphabet change to frozen version normal on input line 665.


LaTeX Font Info:    No math alphabet change to frozen version normal on input line 665.
LaTeX Font Info:    No math alphabet change to frozen version normal on input line 665.
LaTeX Font Info:    No math alphabet change to frozen version normal on input line 665.
LaTeX Font Info:    No math alphabet change to frozen version normal on input line 665.
LaTeX Font Info:    No math alphabet change to frozen version normal on input line 665.
LaTeX Font Info:    No math alphabet change to frozen version normal on input line 665.
[16]
LaTeX Font Info:    No math alphabet change to frozen version normal on input line 665.
LaTeX Font Info:    No math alphabet change to frozen version normal on input line 666.
LaTeX Font Info:    No math alphabet change to frozen version normal on input line 670.
LaTeX Font Info:    No math alphabet change to frozen version normal on input line 670.
LaTeX Font Info:    No math alphabet change to frozen version normal on input line 670.
LaTeX Font Info:    No math alphabet change to frozen version normal on input line 670.
LaTeX Font Info:    No math alphabet change to frozen version normal on input line 670.
LaTeX Font Info:    No math alphabet change to frozen version normal on input line 670.
LaTeX Font Info:    No math alphabet change to frozen version normal on input line 670.
LaTeX Font Info:    No math alphabet change to frozen version normal on input line 670.
LaTeX Font Info:    No math alphabet change to frozen version normal on input line 670.
LaTeX Font Info:    No math alphabet change to frozen version normal on input line 670.
LaTeX Font Info:    No math alphabet change to frozen version normal on input line 670.
LaTeX Font Info:    No math alphabet change to frozen version normal on input line 670.
LaTeX Font Info:    No math alphabet change to frozen version normal on input line 671.
LaTeX Font Info:    No math alphabet change to frozen version normal on input line 678.
LaTeX Font Info:    No math alphabet change to frozen version normal on input line 681.
LaTeX Font Info:    No math alphabet change to frozen version normal on input line 681.
LaTeX Font Info:    No math alphabet change to frozen version normal on input line 681.
LaTeX Font Info:    No math alphabet change to frozen version normal on input line 681.
LaTeX Font Info:    No math alphabet change to frozen version normal on input line 681.
LaTeX Font Info:    No math alphabet change to frozen version normal on input line 681.
LaTeX Font Info:    No math alphabet change to frozen version normal on input line 685.
LaTeX Font Info:    No math alphabet change to frozen version normal on input line 685.
LaTeX Font Info:    No math alphabet change to frozen version normal on input line 685.
LaTeX Font Info:    No math alphabet change to frozen version normal on input line 685.
LaTeX Font Info:    No math alphabet change to frozen version normal on input line 685.
LaTeX Font Info:    No math alphabet change to frozen version normal on input line 685.
LaTeX Font Info:    No math alphabet change to frozen version normal on input line 686.
LaTeX Font Info:    No math alphabet change to frozen version normal on input line 686.
LaTeX Font Info:    No math alphabet change to frozen version normal on input line 686.
LaTeX Font Info:    No math alphabet change to frozen version normal on input line 686.
LaTeX Font Info:    No math alphabet change to frozen version normal on input line 690.
LaTeX Font Info:    No math alphabet change to frozen version normal on input line 690.
LaTeX Font Info:    No math alphabet change to frozen version normal on input line 696.
LaTeX Font Info:    No math alphabet change to frozen version normal on input line 696.
LaTeX Font Info:    No math alphabet change to frozen version normal on input line 696.
LaTeX Font Info:    No math alphabet change to frozen version normal on input line 696.
LaTeX Font Info:    No math alphabet change to frozen version normal on input line 696.
LaTeX Font Info:    No math alphabet change to frozen version normal on input line 696.
LaTeX Font Info:    No math alphabet change to frozen version normal on input line 696.
LaTeX Font Info:    No math alphabet change to frozen version normal on input line 696.
LaTeX Font Info:    No math alphabet change to frozen version normal on input line 696.
LaTeX Font Info:    No math alphabet change to frozen version normal on input line 696.
LaTeX Font Info:    No math alphabet change to frozen version normal on input line 696.
LaTeX Font Info:    No math alphabet change to frozen version normal on input line 696.
LaTeX Font Info:    No math alphabet change to frozen version normal on input line 696.
LaTeX Font Info:    No math alphabet change to frozen version normal on input line 696.
LaTeX Font Info:    No math alphabet change to frozen version normal on input line 696.
LaTeX Font Info:    No math alphabet change to frozen version normal on input line 696.
LaTeX Font Info:    No math alphabet change to frozen version normal on input line 696.
LaTeX Font Info:    No math alphabet change to frozen version normal on input line 696.
LaTeX Font Info:    No math alphabet change to frozen version normal on input line 696.
LaTeX Font Info:    No math alphabet change to frozen version normal on input line 696.
LaTeX Font Info:    No math alphabet change to frozen version normal on input line 696.
LaTeX Font Info:    No math alphabet change to frozen version normal on input line 696.
LaTeX Font Info:    No math alphabet change to frozen version normal on input line 696.
LaTeX Font Info:    No math alphabet change to frozen version normal on input line 696.
LaTeX Font Info:    No math alphabet change to frozen version normal on input line 696.
LaTeX Font Info:    No math alphabet change to frozen version normal on input line 696.
LaTeX Font Info:    No math alphabet change to frozen version normal on input line 696.
LaTeX Font Info:    No math alphabet change to frozen version normal on input line 696.
LaTeX Font Info:    No math alphabet change to frozen version normal on input line 696.
LaTeX Font Info:    No math alphabet change to frozen version normal on input line 696.
LaTeX Font Info:    No math alphabet change to frozen version normal on input line 696.
LaTeX Font Info:    No math alphabet change to frozen version normal on input line 696.
LaTeX Font Info:    No math alphabet change to frozen version normal on input line 696.
LaTeX Font Info:    No math alphabet change to frozen version normal on input line 696.
LaTeX Font Info:    No math alphabet change to frozen version normal on input line 696.
LaTeX Font Info:    No math alphabet change to frozen version normal on input line 696.
LaTeX Font Info:    No math alphabet change to frozen version normal on input line 696.
LaTeX Font Info:    No math alphabet change to frozen version normal on input line 696.
LaTeX Font Info:    No math alphabet change to frozen version normal on input line 696.
LaTeX Font Info:    No math alphabet change to frozen version normal on input line 696.
LaTeX Font Info:    No math alphabet change to frozen version normal on input line 696.
LaTeX Font Info:    No math alphabet change to frozen version normal on input line 696.
LaTeX Font Info:    No math alphabet change to frozen version normal on input line 697.
LaTeX Font Info:    No math alphabet change to frozen version normal on input line 697.
LaTeX Font Info:    No math alphabet change to frozen version normal on input line 702.
LaTeX Font Info:    No math alphabet change to frozen version normal on input line 702.
LaTeX Font Info:    No math alphabet change to frozen version normal on input line 706.
LaTeX Font Info:    No math alphabet change to frozen version normal on input line 706.
LaTeX Font Info:    No math alphabet change to frozen version normal on input line 706.
LaTeX Font Info:    No math alphabet change to frozen version normal on input line 706.
LaTeX Font Info:    No math alphabet change to frozen version normal on input line 706.
LaTeX Font Info:    No math alphabet change to frozen version normal on input line 706.
LaTeX Font Info:    No math alphabet change to frozen version normal on input line 706.
LaTeX Font Info:    No math alphabet change to frozen version normal on input line 706.
LaTeX Font Info:    No math alphabet change to frozen version normal on input line 706.
LaTeX Font Info:    No math alphabet change to frozen version normal on input line 706.
LaTeX Font Info:    No math alphabet change to frozen version normal on input line 706.
LaTeX Font Info:    No math alphabet change to frozen version normal on input line 706.
LaTeX Font Info:    No math alphabet change to frozen version normal on input line 710.
LaTeX Font Info:    No math alphabet change to frozen version normal on input line 710.
LaTeX Font Info:    No math alphabet change to frozen version normal on input line 713.
LaTeX Font Info:    No math alphabet change to frozen version normal on input line 713.
LaTeX Font Info:    No math alphabet change to frozen version normal on input line 713.
LaTeX Font Info:    No math alphabet change to frozen version normal on input line 713.
LaTeX Font Info:    No math alphabet change to frozen version normal on input line 713.
LaTeX Font Info:    No math alphabet change to frozen version normal on input line 713.
LaTeX Font Info:    No math alphabet change to frozen version normal on input line 714.
LaTeX Font Info:    No math alphabet change to frozen version normal on input line 717.
LaTeX Font Info:    No math alphabet change to frozen version normal on input line 717.
LaTeX Font Info:    No math alphabet change to frozen version normal on input line 717.
LaTeX Font Info:    No math alphabet change to frozen version normal on input line 717.
LaTeX Font Info:    No math alphabet change to frozen version normal on input line 717.
LaTeX Font Info:    No math alphabet change to frozen version normal on input line 717.
LaTeX Font Info:    No math alphabet change to frozen version normal on input line 718.
LaTeX Font Info:    No math alphabet change to frozen version normal on input line 721.
LaTeX Font Info:    No math alphabet change to frozen version normal on input line 721.
LaTeX Font Info:    No math alphabet change to frozen version normal on input line 724.
LaTeX Font Info:    No math alphabet change to frozen version normal on input line 724.


LaTeX Font Info:    No math alphabet change to frozen version normal on input line 725.
LaTeX Font Info:    No math alphabet change to frozen version normal on input line 725.
LaTeX Font Info:    No math alphabet change to frozen version normal on input line 725.
LaTeX Font Info:    No math alphabet change to frozen version normal on input line 725.
LaTeX Font Info:    No math alphabet change to frozen version normal on input line 725.
LaTeX Font Info:    No math alphabet change to frozen version normal on input line 725.
[17]
LaTeX Font Info:    No math alphabet change to frozen version normal on input line 731.
LaTeX Font Info:    No math alphabet change to frozen version normal on input line 731.
LaTeX Font Info:    No math alphabet change to frozen version normal on input line 731.
LaTeX Font Info:    No math alphabet change to frozen version normal on input line 731.
LaTeX Font Info:    No math alphabet change to frozen version normal on input line 731.
LaTeX Font Info:    No math alphabet change to frozen version normal on input line 731.
LaTeX Font Info:    No math alphabet change to frozen version normal on input line 732.
LaTeX Font Info:    No math alphabet change to frozen version normal on input line 732.
LaTeX Font Info:    No math alphabet change to frozen version normal on input line 738.
LaTeX Font Info:    No math alphabet change to frozen version normal on input line 738.
LaTeX Font Info:    No math alphabet change to frozen version normal on input line 738.
LaTeX Font Info:    No math alphabet change to frozen version normal on input line 738.
LaTeX Font Info:    No math alphabet change to frozen version normal on input line 738.
LaTeX Font Info:    No math alphabet change to frozen version normal on input line 738.
LaTeX Font Info:    No math alphabet change to frozen version normal on input line 738.
LaTeX Font Info:    No math alphabet change to frozen version normal on input line 738.
LaTeX Font Info:    No math alphabet change to frozen version normal on input line 739.
LaTeX Font Info:    No math alphabet change to frozen version normal on input line 739.
LaTeX Font Info:    No math alphabet change to frozen version normal on input line 742.
LaTeX Font Info:    No math alphabet change to frozen version normal on input line 742.
LaTeX Font Info:    No math alphabet change to frozen version normal on input line 745.
LaTeX Font Info:    No math alphabet change to frozen version normal on input line 745.
LaTeX Font Info:    No math alphabet change to frozen version normal on input line 745.
LaTeX Font Info:    No math alphabet change to frozen version normal on input line 745.
LaTeX Font Info:    No math alphabet change to frozen version normal on input line 745.
LaTeX Font Info:    No math alphabet change to frozen version normal on input line 745.
LaTeX Font Info:    No math alphabet change to frozen version normal on input line 746.
Package mdframed Info: mdframed detected package amsthm 
 changed the theorem header of amsthm
(mdframed)              on input line 750.
LaTeX Font Info:    No math alphabet change to frozen version normal on input line 750.
LaTeX Font Info:    No math alphabet change to frozen version normal on input line 750.
LaTeX Font Info:    No math alphabet change to frozen version normal on input line 753.
LaTeX Font Info:    No math alphabet change to frozen version normal on input line 753.
LaTeX Font Info:    No math alphabet change to frozen version normal on input line 753.
LaTeX Font Info:    No math alphabet change to frozen version normal on input line 753.
LaTeX Font Info:    No math alphabet change to frozen version normal on input line 753.
LaTeX Font Info:    No math alphabet change to frozen version normal on input line 753.
LaTeX Font Info:    No math alphabet change to frozen version normal on input line 754.
LaTeX Font Info:    No math alphabet change to frozen version normal on input line 754.
LaTeX Font Info:    No math alphabet change to frozen version normal on input line 754.
LaTeX Font Info:    No math alphabet change to frozen version normal on input line 754.
LaTeX Font Info:    No math alphabet change to frozen version normal on input line 754.
LaTeX Font Info:    No math alphabet change to frozen version normal on input line 757.
LaTeX Font Info:    No math alphabet change to frozen version normal on input line 757.
LaTeX Font Info:    No math alphabet change to frozen version normal on input line 757.
LaTeX Font Info:    No math alphabet change to frozen version normal on input line 757.
LaTeX Font Info:    No math alphabet change to frozen version normal on input line 757.
LaTeX Font Info:    No math alphabet change to frozen version normal on input line 757.
LaTeX Font Info:    No math alphabet change to frozen version normal on input line 758.
LaTeX Font Info:    No math alphabet change to frozen version normal on input line 758.
LaTeX Font Info:    No math alphabet change to frozen version normal on input line 758.
LaTeX Font Info:    No math alphabet change to frozen version normal on input line 758.
LaTeX Font Info:    No math alphabet change to frozen version normal on input line 758.
LaTeX Font Info:    No math alphabet change to frozen version normal on input line 758.
LaTeX Font Info:    No math alphabet change to frozen version normal on input line 762.
LaTeX Font Info:    No math alphabet change to frozen version normal on input line 762.
LaTeX Font Info:    No math alphabet change to frozen version normal on input line 762.
LaTeX Font Info:    No math alphabet change to frozen version normal on input line 762.
LaTeX Font Info:    No math alphabet change to frozen version normal on input line 762.
LaTeX Font Info:    No math alphabet change to frozen version normal on input line 762.
LaTeX Font Info:    No math alphabet change to frozen version normal on input line 762.
LaTeX Font Info:    No math alphabet change to frozen version normal on input line 762.
LaTeX Font Info:    No math alphabet change to frozen version normal on input line 762.
LaTeX Font Info:    No math alphabet change to frozen version normal on input line 762.
LaTeX Font Info:    No math alphabet change to frozen version normal on input line 762.
LaTeX Font Info:    No math alphabet change to frozen version normal on input line 762.
LaTeX Font Info:    No math alphabet change to frozen version normal on input line 770.
LaTeX Font Info:    No math alphabet change to frozen version normal on input line 770.
LaTeX Font Info:    No math alphabet change to frozen version normal on input line 770.
LaTeX Font Info:    No math alphabet change to frozen version normal on input line 770.
LaTeX Font Info:    No math alphabet change to frozen version normal on input line 770.
LaTeX Font Info:    No math alphabet change to frozen version normal on input line 773.
LaTeX Font Info:    No math alphabet change to frozen version normal on input line 773.
LaTeX Font Info:    No math alphabet change to frozen version normal on input line 773.
LaTeX Font Info:    No math alphabet change to frozen version normal on input line 773.
LaTeX Font Info:    No math alphabet change to frozen version normal on input line 773.


LaTeX Font Info:    No math alphabet change to frozen version normal on input line 773.
LaTeX Font Info:    No math alphabet change to frozen version normal on input line 773.
LaTeX Font Info:    No math alphabet change to frozen version normal on input line 773.
LaTeX Font Info:    No math alphabet change to frozen version normal on input line 773.
LaTeX Font Info:    No math alphabet change to frozen version normal on input line 773.
LaTeX Font Info:    No math alphabet change to frozen version normal on input line 773.
[18]
LaTeX Font Info:    No math alphabet change to frozen version normal on input line 773.
LaTeX Font Info:    No math alphabet change to frozen version normal on input line 779.
LaTeX Font Info:    No math alphabet change to frozen version normal on input line 779.
LaTeX Font Info:    No math alphabet change to frozen version normal on input line 779.
LaTeX Font Info:    No math alphabet change to frozen version normal on input line 779.
LaTeX Font Info:    No math alphabet change to frozen version normal on input line 779.
LaTeX Font Info:    No math alphabet change to frozen version normal on input line 779.
LaTeX Font Info:    No math alphabet change to frozen version normal on input line 787.
LaTeX Font Info:    No math alphabet change to frozen version normal on input line 787.
LaTeX Font Info:    No math alphabet change to frozen version normal on input line 787.
LaTeX Font Info:    No math alphabet change to frozen version normal on input line 787.
LaTeX Font Info:    No math alphabet change to frozen version normal on input line 787.
LaTeX Font Info:    No math alphabet change to frozen version normal on input line 787.
LaTeX Font Info:    No math alphabet change to frozen version normal on input line 787.
LaTeX Font Info:    No math alphabet change to frozen version normal on input line 787.
LaTeX Font Info:    No math alphabet change to frozen version normal on input line 787.
LaTeX Font Info:    No math alphabet change to frozen version normal on input line 787.
LaTeX Font Info:    No math alphabet change to frozen version normal on input line 787.
LaTeX Font Info:    No math alphabet change to frozen version normal on input line 787.
LaTeX Font Info:    No math alphabet change to frozen version normal on input line 787.
LaTeX Font Info:    No math alphabet change to frozen version normal on input line 787.
LaTeX Font Info:    No math alphabet change to frozen version normal on input line 787.
LaTeX Font Info:    No math alphabet change to frozen version normal on input line 787.
LaTeX Font Info:    No math alphabet change to frozen version normal on input line 787.
LaTeX Font Info:    No math alphabet change to frozen version normal on input line 787.
LaTeX Font Info:    No math alphabet change to frozen version normal on input line 787.
LaTeX Font Info:    No math alphabet change to frozen version normal on input line 787.
LaTeX Font Info:    No math alphabet change to frozen version normal on input line 787.
LaTeX Font Info:    No math alphabet change to frozen version normal on input line 787.
LaTeX Font Info:    No math alphabet change to frozen version normal on input line 787.
LaTeX Font Info:    No math alphabet change to frozen version normal on input line 787.
LaTeX Font Info:    No math alphabet change to frozen version normal on input line 788.
Package mdframed Info: mdframed detected package amsthm 
 changed the theorem header of amsthm
(mdframed)              on input line 791.
LaTeX Font Info:    No math alphabet change to frozen version normal on input line 791.
LaTeX Font Info:    No math alphabet change to frozen version normal on input line 798.
LaTeX Font Info:    No math alphabet change to frozen version normal on input line 798.
LaTeX Font Info:    No math alphabet change to frozen version normal on input line 798.
LaTeX Font Info:    No math alphabet change to frozen version normal on input line 798.
LaTeX Font Info:    No math alphabet change to frozen version normal on input line 798.
LaTeX Font Info:    No math alphabet change to frozen version normal on input line 798.
LaTeX Font Info:    No math alphabet change to frozen version normal on input line 798.
LaTeX Font Info:    No math alphabet change to frozen version normal on input line 798.
LaTeX Font Info:    No math alphabet change to frozen version normal on input line 798.
LaTeX Font Info:    No math alphabet change to frozen version normal on input line 798.
LaTeX Font Info:    No math alphabet change to frozen version normal on input line 798.
LaTeX Font Info:    No math alphabet change to frozen version normal on input line 798.
LaTeX Font Info:    No math alphabet change to frozen version normal on input line 798.
LaTeX Font Info:    No math alphabet change to frozen version normal on input line 798.
LaTeX Font Info:    No math alphabet change to frozen version normal on input line 798.
LaTeX Font Info:    No math alphabet change to frozen version normal on input line 798.
LaTeX Font Info:    No math alphabet change to frozen version normal on input line 798.
LaTeX Font Info:    No math alphabet change to frozen version normal on input line 798.
LaTeX Font Info:    No math alphabet change to frozen version normal on input line 798.
LaTeX Font Info:    No math alphabet change to frozen version normal on input line 798.
LaTeX Font Info:    No math alphabet change to frozen version normal on input line 798.
LaTeX Font Info:    No math alphabet change to frozen version normal on input line 798.
LaTeX Font Info:    No math alphabet change to frozen version normal on input line 798.
LaTeX Font Info:    No math alphabet change to frozen version normal on input line 798.
Package mdframed Info: mdframed detected package amsthm 
 changed the theorem header of amsthm
(mdframed)              on input line 802.
LaTeX Font Info:    No math alphabet change to frozen version normal on input line 802.
LaTeX Font Info:    No math alphabet change to frozen version normal on input line 807.
LaTeX Font Info:    No math alphabet change to frozen version normal on input line 807.
LaTeX Font Info:    No math alphabet change to frozen version normal on input line 807.
LaTeX Font Info:    No math alphabet change to frozen version normal on input line 807.
LaTeX Font Info:    No math alphabet change to frozen version normal on input line 807.
LaTeX Font Info:    No math alphabet change to frozen version normal on input line 807.
LaTeX Font Info:    No math alphabet change to frozen version normal on input line 807.
LaTeX Font Info:    No math alphabet change to frozen version normal on input line 807.
LaTeX Font Info:    No math alphabet change to frozen version normal on input line 807.
LaTeX Font Info:    No math alphabet change to frozen version normal on input line 807.
LaTeX Font Info:    No math alphabet change to frozen version normal on input line 807.
LaTeX Font Info:    No math alphabet change to frozen version normal on input line 807.
LaTeX Font Info:    No math alphabet change to frozen version normal on input line 807.
LaTeX Font Info:    No math alphabet change to frozen version normal on input line 807.
LaTeX Font Info:    No math alphabet change to frozen version normal on input line 807.
LaTeX Font Info:    No math alphabet change to frozen version normal on input line 807.


LaTeX Font Info:    No math alphabet change to frozen version normal on input line 808.
LaTeX Font Info:    No math alphabet change to frozen version normal on input line 808.
LaTeX Font Info:    No math alphabet change to frozen version normal on input line 808.
LaTeX Font Info:    No math alphabet change to frozen version normal on input line 808.
LaTeX Font Info:    No math alphabet change to frozen version normal on input line 808.
LaTeX Font Info:    No math alphabet change to frozen version normal on input line 808.
[19]
LaTeX Font Info:    No math alphabet change to frozen version normal on input line 810.
LaTeX Font Info:    No math alphabet change to frozen version normal on input line 814.
LaTeX Font Info:    No math alphabet change to frozen version normal on input line 814.
LaTeX Font Info:    No math alphabet change to frozen version normal on input line 814.
LaTeX Font Info:    No math alphabet change to frozen version normal on input line 814.
LaTeX Font Info:    No math alphabet change to frozen version normal on input line 814.
LaTeX Font Info:    No math alphabet change to frozen version normal on input line 814.
LaTeX Font Info:    No math alphabet change to frozen version normal on input line 814.
LaTeX Font Info:    No math alphabet change to frozen version normal on input line 814.
LaTeX Font Info:    No math alphabet change to frozen version normal on input line 814.
LaTeX Font Info:    No math alphabet change to frozen version normal on input line 814.
LaTeX Font Info:    No math alphabet change to frozen version normal on input line 814.
LaTeX Font Info:    No math alphabet change to frozen version normal on input line 814.
LaTeX Font Info:    No math alphabet change to frozen version normal on input line 815.
LaTeX Font Info:    No math alphabet change to frozen version normal on input line 815.
LaTeX Font Info:    No math alphabet change to frozen version normal on input line 815.
LaTeX Font Info:    No math alphabet change to frozen version normal on input line 815.
LaTeX Font Info:    No math alphabet change to frozen version normal on input line 815.
LaTeX Font Info:    No math alphabet change to frozen version normal on input line 817.
LaTeX Font Info:    No math alphabet change to frozen version normal on input line 817.
LaTeX Font Info:    No math alphabet change to frozen version normal on input line 820.
LaTeX Font Info:    No math alphabet change to frozen version normal on input line 820.
LaTeX Font Info:    No math alphabet change to frozen version normal on input line 820.
LaTeX Font Info:    No math alphabet change to frozen version normal on input line 820.
LaTeX Font Info:    No math alphabet change to frozen version normal on input line 820.
LaTeX Font Info:    No math alphabet change to frozen version normal on input line 820.
LaTeX Font Info:    No math alphabet change to frozen version normal on input line 821.
LaTeX Font Info:    No math alphabet change to frozen version normal on input line 823.
LaTeX Font Info:    No math alphabet change to frozen version normal on input line 823.
LaTeX Font Info:    No math alphabet change to frozen version normal on input line 823.
LaTeX Font Info:    No math alphabet change to frozen version normal on input line 823.
LaTeX Font Info:    No math alphabet change to frozen version normal on input line 826.
LaTeX Font Info:    No math alphabet change to frozen version normal on input line 826.
LaTeX Font Info:    No math alphabet change to frozen version normal on input line 826.
LaTeX Font Info:    No math alphabet change to frozen version normal on input line 826.
LaTeX Font Info:    No math alphabet change to frozen version normal on input line 826.
LaTeX Font Info:    No math alphabet change to frozen version normal on input line 826.
LaTeX Font Info:    No math alphabet change to frozen version normal on input line 830.
LaTeX Font Info:    No math alphabet change to frozen version normal on input line 830.
LaTeX Font Info:    No math alphabet change to frozen version normal on input line 831.
LaTeX Font Info:    No math alphabet change to frozen version normal on input line 831.
LaTeX Font Info:    No math alphabet change to frozen version normal on input line 831.
LaTeX Font Info:    No math alphabet change to frozen version normal on input line 832.
LaTeX Font Info:    No math alphabet change to frozen version normal on input line 832.
LaTeX Font Info:    No math alphabet change to frozen version normal on input line 832.
LaTeX Font Info:    No math alphabet change to frozen version normal on input line 833.
LaTeX Font Info:    No math alphabet change to frozen version normal on input line 833.
LaTeX Font Info:    No math alphabet change to frozen version normal on input line 833.
LaTeX Font Info:    No math alphabet change to frozen version normal on input line 833.
LaTeX Font Info:    No math alphabet change to frozen version normal on input line 833.
LaTeX Font Info:    No math alphabet change to frozen version normal on input line 834.
LaTeX Font Info:    No math alphabet change to frozen version normal on input line 834.
LaTeX Font Info:    No math alphabet change to frozen version normal on input line 837.
LaTeX Font Info:    No math alphabet change to frozen version normal on input line 837.
LaTeX Font Info:    No math alphabet change to frozen version normal on input line 837.
LaTeX Font Info:    No math alphabet change to frozen version normal on input line 837.
LaTeX Font Info:    No math alphabet change to frozen version normal on input line 837.
LaTeX Font Info:    No math alphabet change to frozen version normal on input line 837.
LaTeX Font Info:    No math alphabet change to frozen version normal on input line 840.
LaTeX Font Info:    No math alphabet change to frozen version normal on input line 845.
LaTeX Font Info:    No math alphabet change to frozen version normal on input line 845.
LaTeX Font Info:    No math alphabet change to frozen version normal on input line 845.
LaTeX Font Info:    No math alphabet change to frozen version normal on input line 845.
LaTeX Font Info:    No math alphabet change to frozen version normal on input line 845.
LaTeX Font Info:    No math alphabet change to frozen version normal on input line 845.
LaTeX Font Info:    No math alphabet change to frozen version normal on input line 845.
LaTeX Font Info:    No math alphabet change to frozen version normal on input line 845.
LaTeX Font Info:    No math alphabet change to frozen version normal on input line 845.
LaTeX Font Info:    No math alphabet change to frozen version normal on input line 845.
LaTeX Font Info:    No math alphabet change to frozen version normal on input line 845.
LaTeX Font Info:    No math alphabet change to frozen version normal on input line 845.
LaTeX Font Info:    No math alphabet change to frozen version normal on input line 845.
LaTeX Font Info:    No math alphabet change to frozen version normal on input line 845.
LaTeX Font Info:    No math alphabet change to frozen version normal on input line 845.
LaTeX Font Info:    No math alphabet change to frozen version normal on input line 845.


LaTeX Font Info:    No math alphabet change to frozen version normal on input line 848.
LaTeX Font Info:    No math alphabet change to frozen version normal on input line 848.
LaTeX Font Info:    No math alphabet change to frozen version normal on input line 848.
LaTeX Font Info:    No math alphabet change to frozen version normal on input line 848.
LaTeX Font Info:    No math alphabet change to frozen version normal on input line 848.
LaTeX Font Info:    No math alphabet change to frozen version normal on input line 848.
[20]
LaTeX Font Info:    No math alphabet change to frozen version normal on input line 848.
LaTeX Font Info:    No math alphabet change to frozen version normal on input line 848.
LaTeX Font Info:    No math alphabet change to frozen version normal on input line 851.
LaTeX Font Info:    No math alphabet change to frozen version normal on input line 851.
LaTeX Font Info:    No math alphabet change to frozen version normal on input line 851.
LaTeX Font Info:    No math alphabet change to frozen version normal on input line 851.
LaTeX Font Info:    No math alphabet change to frozen version normal on input line 851.
LaTeX Font Info:    No math alphabet change to frozen version normal on input line 851.
Package mdframed Info: mdframed detected package amsthm 
 changed the theorem header of amsthm
(mdframed)              on input line 854.
LaTeX Font Info:    No math alphabet change to frozen version normal on input line 854.
LaTeX Font Info:    No math alphabet change to frozen version normal on input line 854.
LaTeX Font Info:    No math alphabet change to frozen version normal on input line 857.
LaTeX Font Info:    No math alphabet change to frozen version normal on input line 857.
LaTeX Font Info:    No math alphabet change to frozen version normal on input line 857.
LaTeX Font Info:    No math alphabet change to frozen version normal on input line 857.
LaTeX Font Info:    No math alphabet change to frozen version normal on input line 857.
LaTeX Font Info:    No math alphabet change to frozen version normal on input line 857.
LaTeX Font Info:    No math alphabet change to frozen version normal on input line 861.
LaTeX Font Info:    No math alphabet change to frozen version normal on input line 861.
LaTeX Font Info:    No math alphabet change to frozen version normal on input line 861.
LaTeX Font Info:    No math alphabet change to frozen version normal on input line 861.
LaTeX Font Info:    No math alphabet change to frozen version normal on input line 861.
LaTeX Font Info:    No math alphabet change to frozen version normal on input line 861.
LaTeX Font Info:    No math alphabet change to frozen version normal on input line 865.
LaTeX Font Info:    No math alphabet change to frozen version normal on input line 871.
LaTeX Font Info:    No math alphabet change to frozen version normal on input line 871.
LaTeX Font Info:    No math alphabet change to frozen version normal on input line 871.
LaTeX Font Info:    No math alphabet change to frozen version normal on input line 871.
LaTeX Font Info:    No math alphabet change to frozen version normal on input line 871.
LaTeX Font Info:    No math alphabet change to frozen version normal on input line 871.
LaTeX Font Info:    No math alphabet change to frozen version normal on input line 871.
LaTeX Font Info:    No math alphabet change to frozen version normal on input line 871.
LaTeX Font Info:    No math alphabet change to frozen version normal on input line 871.
LaTeX Font Info:    No math alphabet change to frozen version normal on input line 871.
LaTeX Font Info:    No math alphabet change to frozen version normal on input line 871.
LaTeX Font Info:    No math alphabet change to frozen version normal on input line 871.
LaTeX Font Info:    No math alphabet change to frozen version normal on input line 871.
LaTeX Font Info:    No math alphabet change to frozen version normal on input line 871.
LaTeX Font Info:    No math alphabet change to frozen version normal on input line 871.
LaTeX Font Info:    No math alphabet change to frozen version normal on input line 871.
LaTeX Font Info:    No math alphabet change to frozen version normal on input line 871.
LaTeX Font Info:    No math alphabet change to frozen version normal on input line 871.
LaTeX Font Info:    No math alphabet change to frozen version normal on input line 871.
LaTeX Font Info:    No math alphabet change to frozen version normal on input line 871.
LaTeX Font Info:    No math alphabet change to frozen version normal on input line 879.
LaTeX Font Info:    No math alphabet change to frozen version normal on input line 879.
LaTeX Font Info:    No math alphabet change to frozen version normal on input line 879.
LaTeX Font Info:    No math alphabet change to frozen version normal on input line 879.
LaTeX Font Info:    No math alphabet change to frozen version normal on input line 879.
LaTeX Font Info:    No math alphabet change to frozen version normal on input line 879.
LaTeX Font Info:    No math alphabet change to frozen version normal on input line 879.
LaTeX Font Info:    No math alphabet change to frozen version normal on input line 879.
LaTeX Font Info:    No math alphabet change to frozen version normal on input line 879.
LaTeX Font Info:    No math alphabet change to frozen version normal on input line 879.
LaTeX Font Info:    No math alphabet change to frozen version normal on input line 879.
LaTeX Font Info:    No math alphabet change to frozen version normal on input line 879.
LaTeX Font Info:    No math alphabet change to frozen version normal on input line 879.
LaTeX Font Info:    No math alphabet change to frozen version normal on input line 879.
LaTeX Font Info:    No math alphabet change to frozen version normal on input line 879.
LaTeX Font Info:    No math alphabet change to frozen version normal on input line 879.
LaTeX Font Info:    No math alphabet change to frozen version normal on input line 879.
LaTeX Font Info:    No math alphabet change to frozen version normal on input line 879.
LaTeX Font Info:    No math alphabet change to frozen version normal on input line 879.
LaTeX Font Info:    No math alphabet change to frozen version normal on input line 879.
LaTeX Font Info:    No math alphabet change to frozen version normal on input line 879.
LaTeX Font Info:    No math alphabet change to frozen version normal on input line 879.
LaTeX Font Info:    No math alphabet change to frozen version normal on input line 879.
LaTeX Font Info:    No math alphabet change to frozen version normal on input line 879.
LaTeX Font Info:    No math alphabet change to frozen version normal on input line 880.
Package mdframed Info: mdframed detected package amsthm 
 changed the theorem header of amsthm
(mdframed)              on input line 883.
LaTeX Font Info:    No math alphabet change to frozen version normal on input line 883.
LaTeX Font Info:    No math alphabet change to frozen version normal on input line 886.
LaTeX Font Info:    No math alphabet change to frozen version normal on input line 886.
LaTeX Font Info:    No math alphabet change to frozen version normal on input line 886.
LaTeX Font Info:    No math alphabet change to frozen version normal on input line 886.
LaTeX Font Info:    No math alphabet change to frozen version normal on input line 886.
LaTeX Font Info:    No math alphabet change to frozen version normal on input line 886.
LaTeX Font Info:    No math alphabet change to frozen version normal on input line 890.
LaTeX Font Info:    No math alphabet change to frozen version normal on input line 890.
LaTeX Font Info:    No math alphabet change to frozen version normal on input line 893.
LaTeX Font Info:    No math alphabet change to frozen version normal on input line 893.
LaTeX Font Info:    No math alphabet change to frozen version normal on input line 893.
LaTeX Font Info:    No math alphabet change to frozen version normal on input line 893.
LaTeX Font Info:    No math alphabet change to frozen version normal on input line 893.


LaTeX Font Info:    No math alphabet change to frozen version normal on input line 893.
LaTeX Font Info:    No math alphabet change to frozen version normal on input line 893.
LaTeX Font Info:    No math alphabet change to frozen version normal on input line 893.
LaTeX Font Info:    No math alphabet change to frozen version normal on input line 893.
LaTeX Font Info:    No math alphabet change to frozen version normal on input line 893.
LaTeX Font Info:    No math alphabet change to frozen version normal on input line 893.
[21]
LaTeX Font Info:    No math alphabet change to frozen version normal on input line 893.
LaTeX Font Info:    No math alphabet change to frozen version normal on input line 899.
LaTeX Font Info:    No math alphabet change to frozen version normal on input line 899.
LaTeX Font Info:    No math alphabet change to frozen version normal on input line 899.
LaTeX Font Info:    No math alphabet change to frozen version normal on input line 899.
LaTeX Font Info:    No math alphabet change to frozen version normal on input line 899.
LaTeX Font Info:    No math alphabet change to frozen version normal on input line 899.
LaTeX Font Info:    No math alphabet change to frozen version normal on input line 899.
LaTeX Font Info:    No math alphabet change to frozen version normal on input line 899.
LaTeX Font Info:    No math alphabet change to frozen version normal on input line 899.
LaTeX Font Info:    No math alphabet change to frozen version normal on input line 899.
LaTeX Font Info:    No math alphabet change to frozen version normal on input line 899.
LaTeX Font Info:    No math alphabet change to frozen version normal on input line 899.
LaTeX Font Info:    No math alphabet change to frozen version normal on input line 899.
LaTeX Font Info:    No math alphabet change to frozen version normal on input line 899.
LaTeX Font Info:    No math alphabet change to frozen version normal on input line 899.
LaTeX Font Info:    No math alphabet change to frozen version normal on input line 899.
LaTeX Font Info:    No math alphabet change to frozen version normal on input line 899.
LaTeX Font Info:    No math alphabet change to frozen version normal on input line 899.
LaTeX Font Info:    No math alphabet change to frozen version normal on input line 899.
LaTeX Font Info:    No math alphabet change to frozen version normal on input line 899.
LaTeX Font Info:    No math alphabet change to frozen version normal on input line 899.
LaTeX Font Info:    No math alphabet change to frozen version normal on input line 899.
LaTeX Font Info:    No math alphabet change to frozen version normal on input line 899.
LaTeX Font Info:    No math alphabet change to frozen version normal on input line 899.
LaTeX Font Info:    No math alphabet change to frozen version normal on input line 899.
LaTeX Font Info:    No math alphabet change to frozen version normal on input line 899.
LaTeX Font Info:    No math alphabet change to frozen version normal on input line 899.
LaTeX Font Info:    No math alphabet change to frozen version normal on input line 899.
LaTeX Font Info:    No math alphabet change to frozen version normal on input line 899.
LaTeX Font Info:    No math alphabet change to frozen version normal on input line 899.
LaTeX Font Info:    No math alphabet change to frozen version normal on input line 900.
LaTeX Font Info:    No math alphabet change to frozen version normal on input line 902.
LaTeX Font Info:    Undo math alphabet allocation in version normal on input line 906.
LaTeX Font Info:    No math alphabet change to frozen version normal on input line 907.
LaTeX Font Info:    No math alphabet change to frozen version normal on input line 908.
LaTeX Font Info:    No math alphabet change to frozen version normal on input line 915.
LaTeX Font Info:    No math alphabet change to frozen version normal on input line 915.
LaTeX Font Info:    No math alphabet change to frozen version normal on input line 915.
LaTeX Font Info:    No math alphabet change to frozen version normal on input line 915.
LaTeX Font Info:    No math alphabet change to frozen version normal on input line 915.
LaTeX Font Info:    No math alphabet change to frozen version normal on input line 915.
LaTeX Font Info:    No math alphabet change to frozen version normal on input line 915.
LaTeX Font Info:    No math alphabet change to frozen version normal on input line 915.
LaTeX Font Info:    No math alphabet change to frozen version normal on input line 915.
LaTeX Font Info:    No math alphabet change to frozen version normal on input line 915.
LaTeX Font Info:    No math alphabet change to frozen version normal on input line 915.
LaTeX Font Info:    No math alphabet change to frozen version normal on input line 915.
LaTeX Font Info:    No math alphabet change to frozen version normal on input line 916.
LaTeX Font Info:    No math alphabet change to frozen version normal on input line 919.
LaTeX Font Info:    No math alphabet change to frozen version normal on input line 919.
LaTeX Font Info:    No math alphabet change to frozen version normal on input line 919.
LaTeX Font Info:    No math alphabet change to frozen version normal on input line 919.
LaTeX Font Info:    No math alphabet change to frozen version normal on input line 919.
LaTeX Font Info:    No math alphabet change to frozen version normal on input line 919.
LaTeX Font Info:    No math alphabet change to frozen version normal on input line 919.
LaTeX Font Info:    No math alphabet change to frozen version normal on input line 919.
LaTeX Font Info:    No math alphabet change to frozen version normal on input line 924.
LaTeX Font Info:    No math alphabet change to frozen version normal on input line 924.
LaTeX Font Info:    No math alphabet change to frozen version normal on input line 924.
LaTeX Font Info:    No math alphabet change to frozen version normal on input line 924.
LaTeX Font Info:    No math alphabet change to frozen version normal on input line 924.
LaTeX Font Info:    No math alphabet change to frozen version normal on input line 924.
LaTeX Font Info:    No math alphabet change to frozen version normal on input line 928.
LaTeX Font Info:    No math alphabet change to frozen version normal on input line 931.
LaTeX Font Info:    No math alphabet change to frozen version normal on input line 931.
LaTeX Font Info:    No math alphabet change to frozen version normal on input line 931.
LaTeX Font Info:    No math alphabet change to frozen version normal on input line 931.
LaTeX Font Info:    No math alphabet change to frozen version normal on input line 931.
LaTeX Font Info:    No math alphabet change to frozen version normal on input line 931.
LaTeX Font Info:    No math alphabet change to frozen version normal on input line 932.
LaTeX Font Info:    No math alphabet change to frozen version normal on input line 932.
LaTeX Font Info:    No math alphabet change to frozen version normal on input line 937.
LaTeX Font Info:    No math alphabet change to frozen version normal on input line 938.
LaTeX Font Info:    No math alphabet change to frozen version normal on input line 938.
LaTeX Font Info:    No math alphabet change to frozen version normal on input line 939.
LaTeX Font Info:    No math alphabet change to frozen version normal on input line 939.
LaTeX Font Info:    No math alphabet change to frozen version normal on input line 939.


LaTeX Font Info:    No math alphabet change to frozen version normal on input line 940.
LaTeX Font Info:    No math alphabet change to frozen version normal on input line 940.
LaTeX Font Info:    No math alphabet change to frozen version normal on input line 940.
LaTeX Font Info:    No math alphabet change to frozen version normal on input line 940.
LaTeX Font Info:    No math alphabet change to frozen version normal on input line 940.
LaTeX Font Info:    No math alphabet change to frozen version normal on input line 940.
[22]
Package mdframed Info: mdframed detected package amsthm 
 changed the theorem header of amsthm
(mdframed)              on input line 943.
Package hyperref Info: bookmark level for unknown lemma defaults to 0 on input line 943.
LaTeX Font Info:    No math alphabet change to frozen version normal on input line 943.
LaTeX Font Info:    No math alphabet change to frozen version normal on input line 946.
LaTeX Font Info:    No math alphabet change to frozen version normal on input line 946.
LaTeX Font Info:    No math alphabet change to frozen version normal on input line 946.
LaTeX Font Info:    No math alphabet change to frozen version normal on input line 946.
LaTeX Font Info:    No math alphabet change to frozen version normal on input line 946.
LaTeX Font Info:    No math alphabet change to frozen version normal on input line 946.
LaTeX Font Info:    No math alphabet change to frozen version normal on input line 955.
LaTeX Font Info:    No math alphabet change to frozen version normal on input line 955.
LaTeX Font Info:    No math alphabet change to frozen version normal on input line 955.
LaTeX Font Info:    No math alphabet change to frozen version normal on input line 955.
LaTeX Font Info:    No math alphabet change to frozen version normal on input line 955.
LaTeX Font Info:    No math alphabet change to frozen version normal on input line 955.
LaTeX Font Info:    No math alphabet change to frozen version normal on input line 955.
LaTeX Font Info:    No math alphabet change to frozen version normal on input line 955.
LaTeX Font Info:    No math alphabet change to frozen version normal on input line 955.
LaTeX Font Info:    No math alphabet change to frozen version normal on input line 955.
LaTeX Font Info:    No math alphabet change to frozen version normal on input line 955.
LaTeX Font Info:    No math alphabet change to frozen version normal on input line 955.
LaTeX Font Info:    No math alphabet change to frozen version normal on input line 955.
LaTeX Font Info:    No math alphabet change to frozen version normal on input line 955.
LaTeX Font Info:    No math alphabet change to frozen version normal on input line 955.
LaTeX Font Info:    No math alphabet change to frozen version normal on input line 955.
LaTeX Font Info:    No math alphabet change to frozen version normal on input line 956.
Package mdframed Info: mdframed detected package amsthm 
 changed the theorem header of amsthm
(mdframed)              on input line 959.
LaTeX Font Info:    No math alphabet change to frozen version normal on input line 959.
LaTeX Font Info:    No math alphabet change to frozen version normal on input line 959.
LaTeX Font Info:    No math alphabet change to frozen version normal on input line 959.
LaTeX Font Info:    No math alphabet change to frozen version normal on input line 969.
LaTeX Font Info:    No math alphabet change to frozen version normal on input line 969.
LaTeX Font Info:    No math alphabet change to frozen version normal on input line 969.
LaTeX Font Info:    No math alphabet change to frozen version normal on input line 969.
LaTeX Font Info:    No math alphabet change to frozen version normal on input line 969.
LaTeX Font Info:    No math alphabet change to frozen version normal on input line 969.
LaTeX Font Info:    No math alphabet change to frozen version normal on input line 969.
LaTeX Font Info:    No math alphabet change to frozen version normal on input line 969.
LaTeX Font Info:    No math alphabet change to frozen version normal on input line 969.
LaTeX Font Info:    No math alphabet change to frozen version normal on input line 969.
LaTeX Font Info:    No math alphabet change to frozen version normal on input line 969.
LaTeX Font Info:    No math alphabet change to frozen version normal on input line 969.
LaTeX Font Info:    No math alphabet change to frozen version normal on input line 969.
LaTeX Font Info:    No math alphabet change to frozen version normal on input line 969.
LaTeX Font Info:    No math alphabet change to frozen version normal on input line 969.
LaTeX Font Info:    No math alphabet change to frozen version normal on input line 969.
LaTeX Font Info:    No math alphabet change to frozen version normal on input line 969.
LaTeX Font Info:    No math alphabet change to frozen version normal on input line 969.
LaTeX Font Info:    No math alphabet change to frozen version normal on input line 969.
LaTeX Font Info:    No math alphabet change to frozen version normal on input line 969.
LaTeX Font Info:    No math alphabet change to frozen version normal on input line 970.
Package mdframed Info: mdframed detected package amsthm 
 changed the theorem header of amsthm
(mdframed)              on input line 973.
LaTeX Font Info:    No math alphabet change to frozen version normal on input line 974.
LaTeX Font Info:    No math alphabet change to frozen version normal on input line 974.
LaTeX Font Info:    No math alphabet change to frozen version normal on input line 977.
LaTeX Font Info:    No math alphabet change to frozen version normal on input line 977.
LaTeX Font Info:    No math alphabet change to frozen version normal on input line 977.
LaTeX Font Info:    No math alphabet change to frozen version normal on input line 977.
LaTeX Font Info:    No math alphabet change to frozen version normal on input line 977.
LaTeX Font Info:    No math alphabet change to frozen version normal on input line 977.
LaTeX Font Info:    No math alphabet change to frozen version normal on input line 983.
LaTeX Font Info:    No math alphabet change to frozen version normal on input line 983.
LaTeX Font Info:    No math alphabet change to frozen version normal on input line 983.
LaTeX Font Info:    No math alphabet change to frozen version normal on input line 983.
LaTeX Font Info:    No math alphabet change to frozen version normal on input line 983.
LaTeX Font Info:    No math alphabet change to frozen version normal on input line 983.
LaTeX Font Info:    No math alphabet change to frozen version normal on input line 983.
LaTeX Font Info:    No math alphabet change to frozen version normal on input line 983.
LaTeX Font Info:    No math alphabet change to frozen version normal on input line 983.
LaTeX Font Info:    No math alphabet change to frozen version normal on input line 983.
LaTeX Font Info:    No math alphabet change to frozen version normal on input line 983.
LaTeX Font Info:    No math alphabet change to frozen version normal on input line 983.
LaTeX Font Info:    No math alphabet change to frozen version normal on input line 983.
LaTeX Font Info:    No math alphabet change to frozen version normal on input line 983.
LaTeX Font Info:    No math alphabet change to frozen version normal on input line 983.
LaTeX Font Info:    No math alphabet change to frozen version normal on input line 983.
LaTeX Font Info:    No math alphabet change to frozen version normal on input line 984.
LaTeX Font Info:    No math alphabet change to frozen version normal on input line 985.
LaTeX Font Info:    No math alphabet change to frozen version normal on input line 985.
LaTeX Font Info:    No math alphabet change to frozen version normal on input line 989.
LaTeX Font Info:    No math alphabet change to frozen version normal on input line 989.
LaTeX Font Info:    No math alphabet change to frozen version normal on input line 989.
LaTeX Font Info:    No math alphabet change to frozen version normal on input line 989.
LaTeX Font Info:    No math alphabet change to frozen version normal on input line 989.
LaTeX Font Info:    No math alphabet change to frozen version normal on input line 989.
LaTeX Font Info:    No math alphabet change to frozen version normal on input line 989.
LaTeX Font Info:    No math alphabet change to frozen version normal on input line 989.
LaTeX Font Info:    No math alphabet change to frozen version normal on input line 989.
LaTeX Font Info:    No math alphabet change to frozen version normal on input line 989.
LaTeX Font Info:    No math alphabet change to frozen version normal on input line 989.
LaTeX Font Info:    No math alphabet change to frozen version normal on input line 989.
LaTeX Font Info:    No math alphabet change to frozen version normal on input line 990.


LaTeX Font Info:    No math alphabet change to frozen version normal on input line 992.
LaTeX Font Info:    No math alphabet change to frozen version normal on input line 992.
LaTeX Font Info:    No math alphabet change to frozen version normal on input line 992.
LaTeX Font Info:    No math alphabet change to frozen version normal on input line 992.
LaTeX Font Info:    No math alphabet change to frozen version normal on input line 992.
LaTeX Font Info:    No math alphabet change to frozen version normal on input line 992.
[23]
LaTeX Font Info:    No math alphabet change to frozen version normal on input line 995.
LaTeX Font Info:    No math alphabet change to frozen version normal on input line 995.
LaTeX Font Info:    No math alphabet change to frozen version normal on input line 995.
LaTeX Font Info:    No math alphabet change to frozen version normal on input line 995.
LaTeX Font Info:    No math alphabet change to frozen version normal on input line 998.
LaTeX Font Info:    No math alphabet change to frozen version normal on input line 998.
LaTeX Font Info:    No math alphabet change to frozen version normal on input line 998.
LaTeX Font Info:    No math alphabet change to frozen version normal on input line 998.
LaTeX Font Info:    No math alphabet change to frozen version normal on input line 998.
LaTeX Font Info:    No math alphabet change to frozen version normal on input line 998.
LaTeX Font Info:    No math alphabet change to frozen version normal on input line 1002.
LaTeX Font Info:    No math alphabet change to frozen version normal on input line 1003.
LaTeX Font Info:    No math alphabet change to frozen version normal on input line 1004.
LaTeX Font Info:    No math alphabet change to frozen version normal on input line 1004.
LaTeX Font Info:    No math alphabet change to frozen version normal on input line 1004.
LaTeX Font Info:    No math alphabet change to frozen version normal on input line 1005.
LaTeX Font Info:    No math alphabet change to frozen version normal on input line 1005.
Package mdframed Info: mdframed detected package amsthm 
 changed the theorem header of amsthm
(mdframed)              on input line 1009.
LaTeX Font Info:    No math alphabet change to frozen version normal on input line 1009.
LaTeX Font Info:    No math alphabet change to frozen version normal on input line 1009.
LaTeX Font Info:    No math alphabet change to frozen version normal on input line 1012.
LaTeX Font Info:    No math alphabet change to frozen version normal on input line 1012.
LaTeX Font Info:    No math alphabet change to frozen version normal on input line 1012.
LaTeX Font Info:    No math alphabet change to frozen version normal on input line 1012.
LaTeX Font Info:    No math alphabet change to frozen version normal on input line 1012.
LaTeX Font Info:    No math alphabet change to frozen version normal on input line 1012.
LaTeX Font Info:    No math alphabet change to frozen version normal on input line 1017.
Package mdframed Info: mdframed detected package amsthm 
 changed the theorem header of amsthm
(mdframed)              on input line 1020.
LaTeX Font Info:    No math alphabet change to frozen version normal on input line 1020.
LaTeX Font Info:    No math alphabet change to frozen version normal on input line 1020.
LaTeX Font Info:    No math alphabet change to frozen version normal on input line 1023.
LaTeX Font Info:    No math alphabet change to frozen version normal on input line 1023.
LaTeX Font Info:    No math alphabet change to frozen version normal on input line 1023.
LaTeX Font Info:    No math alphabet change to frozen version normal on input line 1023.
LaTeX Font Info:    No math alphabet change to frozen version normal on input line 1023.
LaTeX Font Info:    No math alphabet change to frozen version normal on input line 1023.


LaTeX Font Info:    No math alphabet change to frozen version normal on input line 1027.
LaTeX Font Info:    No math alphabet change to frozen version normal on input line 1027.
LaTeX Font Info:    No math alphabet change to frozen version normal on input line 1027.
LaTeX Font Info:    No math alphabet change to frozen version normal on input line 1027.
LaTeX Font Info:    No math alphabet change to frozen version normal on input line 1027.
LaTeX Font Info:    No math alphabet change to frozen version normal on input line 1027.
[24]
LaTeX Font Info:    No math alphabet change to frozen version normal on input line 1031.
LaTeX Font Info:    No math alphabet change to frozen version normal on input line 1031.
LaTeX Font Info:    No math alphabet change to frozen version normal on input line 1031.
LaTeX Font Info:    No math alphabet change to frozen version normal on input line 1031.
LaTeX Font Info:    No math alphabet change to frozen version normal on input line 1031.
LaTeX Font Info:    No math alphabet change to frozen version normal on input line 1031.
LaTeX Font Info:    No math alphabet change to frozen version normal on input line 1031.
LaTeX Font Info:    No math alphabet change to frozen version normal on input line 1031.
LaTeX Font Info:    No math alphabet change to frozen version normal on input line 1031.
LaTeX Font Info:    No math alphabet change to frozen version normal on input line 1031.
LaTeX Font Info:    No math alphabet change to frozen version normal on input line 1031.
LaTeX Font Info:    No math alphabet change to frozen version normal on input line 1031.
LaTeX Font Info:    No math alphabet change to frozen version normal on input line 1032.
Package mdframed Info: mdframed detected package amsthm 
 changed the theorem header of amsthm
(mdframed)              on input line 1035.
LaTeX Font Info:    No math alphabet change to frozen version normal on input line 1035.
LaTeX Font Info:    No math alphabet change to frozen version normal on input line 1035.
LaTeX Font Info:    No math alphabet change to frozen version normal on input line 1038.
LaTeX Font Info:    No math alphabet change to frozen version normal on input line 1038.
LaTeX Font Info:    No math alphabet change to frozen version normal on input line 1038.
LaTeX Font Info:    No math alphabet change to frozen version normal on input line 1038.
LaTeX Font Info:    No math alphabet change to frozen version normal on input line 1038.
LaTeX Font Info:    No math alphabet change to frozen version normal on input line 1038.
Package mdframed Info: mdframed detected package amsthm 
 changed the theorem header of amsthm
(mdframed)              on input line 1042.
LaTeX Font Info:    No math alphabet change to frozen version normal on input line 1046.
LaTeX Font Info:    No math alphabet change to frozen version normal on input line 1046.
LaTeX Font Info:    No math alphabet change to frozen version normal on input line 1046.
LaTeX Font Info:    No math alphabet change to frozen version normal on input line 1046.
LaTeX Font Info:    No math alphabet change to frozen version normal on input line 1046.
LaTeX Font Info:    No math alphabet change to frozen version normal on input line 1046.
LaTeX Font Info:    No math alphabet change to frozen version normal on input line 1046.
LaTeX Font Info:    No math alphabet change to frozen version normal on input line 1046.
LaTeX Font Info:    No math alphabet change to frozen version normal on input line 1046.
LaTeX Font Info:    No math alphabet change to frozen version normal on input line 1046.
LaTeX Font Info:    No math alphabet change to frozen version normal on input line 1046.
LaTeX Font Info:    No math alphabet change to frozen version normal on input line 1046.
Package mdframed Info: mdframed detected package amsthm 
 changed the theorem header of amsthm
(mdframed)              on input line 1052.
LaTeX Font Info:    No math alphabet change to frozen version normal on input line 1052.
LaTeX Font Info:    No math alphabet change to frozen version normal on input line 1052.
LaTeX Font Info:    No math alphabet change to frozen version normal on input line 1052.
LaTeX Font Info:    No math alphabet change to frozen version normal on input line 1052.
LaTeX Font Info:    No math alphabet change to frozen version normal on input line 1052.
LaTeX Font Info:    No math alphabet change to frozen version normal on input line 1061.
LaTeX Font Info:    No math alphabet change to frozen version normal on input line 1061.
LaTeX Font Info:    No math alphabet change to frozen version normal on input line 1061.
LaTeX Font Info:    No math alphabet change to frozen version normal on input line 1061.
LaTeX Font Info:    No math alphabet change to frozen version normal on input line 1061.
LaTeX Font Info:    No math alphabet change to frozen version normal on input line 1061.
LaTeX Font Info:    No math alphabet change to frozen version normal on input line 1061.
LaTeX Font Info:    No math alphabet change to frozen version normal on input line 1061.
LaTeX Font Info:    No math alphabet change to frozen version normal on input line 1061.
LaTeX Font Info:    No math alphabet change to frozen version normal on input line 1061.
LaTeX Font Info:    No math alphabet change to frozen version normal on input line 1061.
LaTeX Font Info:    No math alphabet change to frozen version normal on input line 1061.
LaTeX Font Info:    No math alphabet change to frozen version normal on input line 1061.
LaTeX Font Info:    No math alphabet change to frozen version normal on input line 1061.
LaTeX Font Info:    No math alphabet change to frozen version normal on input line 1061.
LaTeX Font Info:    No math alphabet change to frozen version normal on input line 1061.
LaTeX Font Info:    No math alphabet change to frozen version normal on input line 1062.
Package mdframed Info: mdframed detected package amsthm 
 changed the theorem header of amsthm
(mdframed)              on input line 1065.
Package mdframed Info: mdframed detected package amsthm 
 changed the theorem header of amsthm
(mdframed)              on input line 1069.
LaTeX Font Info:    No math alphabet change to frozen version normal on input line 1069.
LaTeX Font Info:    No math alphabet change to frozen version normal on input line 1069.
LaTeX Font Info:    No math alphabet change to frozen version normal on input line 1069.
LaTeX Font Info:    No math alphabet change to frozen version normal on input line 1069.
LaTeX Font Info:    No math alphabet change to frozen version normal on input line 1072.
LaTeX Font Info:    No math alphabet change to frozen version normal on input line 1072.
LaTeX Font Info:    No math alphabet change to frozen version normal on input line 1072.
LaTeX Font Info:    No math alphabet change to frozen version normal on input line 1072.
LaTeX Font Info:    No math alphabet change to frozen version normal on input line 1072.
LaTeX Font Info:    No math alphabet change to frozen version normal on input line 1072.
LaTeX Font Info:    No math alphabet change to frozen version normal on input line 1072.
LaTeX Font Info:    No math alphabet change to frozen version normal on input line 1072.
LaTeX Font Info:    No math alphabet change to frozen version normal on input line 1076.
LaTeX Font Info:    No math alphabet change to frozen version normal on input line 1076.
LaTeX Font Info:    No math alphabet change to frozen version normal on input line 1082.
LaTeX Font Info:    No math alphabet change to frozen version normal on input line 1082.
LaTeX Font Info:    No math alphabet change to frozen version normal on input line 1082.
LaTeX Font Info:    No math alphabet change to frozen version normal on input line 1082.
LaTeX Font Info:    No math alphabet change to frozen version normal on input line 1082.
LaTeX Font Info:    No math alphabet change to frozen version normal on input line 1082.
LaTeX Font Info:    No math alphabet change to frozen version normal on input line 1082.
LaTeX Font Info:    No math alphabet change to frozen version normal on input line 1082.
LaTeX Font Info:    No math alphabet change to frozen version normal on input line 1082.
LaTeX Font Info:    No math alphabet change to frozen version normal on input line 1082.
LaTeX Font Info:    No math alphabet change to frozen version normal on input line 1082.
LaTeX Font Info:    No math alphabet change to frozen version normal on input line 1082.
LaTeX Font Info:    No math alphabet change to frozen version normal on input line 1082.
LaTeX Font Info:    No math alphabet change to frozen version normal on input line 1082.
LaTeX Font Info:    No math alphabet change to frozen version normal on input line 1082.
LaTeX Font Info:    No math alphabet change to frozen version normal on input line 1082.
LaTeX Font Info:    No math alphabet change to frozen version normal on input line 1082.
LaTeX Font Info:    No math alphabet change to frozen version normal on input line 1082.
LaTeX Font Info:    No math alphabet change to frozen version normal on input line 1082.


LaTeX Font Info:    No math alphabet change to frozen version normal on input line 1082.
LaTeX Font Info:    No math alphabet change to frozen version normal on input line 1082.
LaTeX Font Info:    No math alphabet change to frozen version normal on input line 1082.
LaTeX Font Info:    No math alphabet change to frozen version normal on input line 1082.
LaTeX Font Info:    No math alphabet change to frozen version normal on input line 1082.
LaTeX Font Info:    No math alphabet change to frozen version normal on input line 1082.
[25]
LaTeX Font Info:    No math alphabet change to frozen version normal on input line 1082.
LaTeX Font Info:    No math alphabet change to frozen version normal on input line 1083.
Package mdframed Info: mdframed detected package amsthm 
 changed the theorem header of amsthm
(mdframed)              on input line 1086.
LaTeX Font Info:    No math alphabet change to frozen version normal on input line 1086.
LaTeX Font Info:    No math alphabet change to frozen version normal on input line 1086.
LaTeX Font Info:    No math alphabet change to frozen version normal on input line 1086.
Package mdframed Info: mdframed detected package amsthm 
 changed the theorem header of amsthm
(mdframed)              on input line 1090.
Package mdframed Info: mdframed detected package amsthm 
 changed the theorem header of amsthm
(mdframed)              on input line 1094.
LaTeX Font Info:    No math alphabet change to frozen version normal on input line 1094.
LaTeX Font Info:    No math alphabet change to frozen version normal on input line 1094.
LaTeX Font Info:    No math alphabet change to frozen version normal on input line 1094.
LaTeX Font Info:    No math alphabet change to frozen version normal on input line 1094.
LaTeX Font Info:    No math alphabet change to frozen version normal on input line 1094.
LaTeX Font Info:    No math alphabet change to frozen version normal on input line 1094.
LaTeX Font Info:    No math alphabet change to frozen version normal on input line 1094.
LaTeX Font Info:    No math alphabet change to frozen version normal on input line 1094.
LaTeX Font Info:    No math alphabet change to frozen version normal on input line 1097.
LaTeX Font Info:    No math alphabet change to frozen version normal on input line 1097.
LaTeX Font Info:    No math alphabet change to frozen version normal on input line 1097.
LaTeX Font Info:    No math alphabet change to frozen version normal on input line 1097.
LaTeX Font Info:    No math alphabet change to frozen version normal on input line 1097.
LaTeX Font Info:    No math alphabet change to frozen version normal on input line 1097.
LaTeX Font Info:    No math alphabet change to frozen version normal on input line 1098.
LaTeX Font Info:    No math alphabet change to frozen version normal on input line 1098.
LaTeX Font Info:    No math alphabet change to frozen version normal on input line 1098.
LaTeX Font Info:    No math alphabet change to frozen version normal on input line 1098.
Package mdframed Info: mdframed detected package amsthm 
 changed the theorem header of amsthm
(mdframed)              on input line 1103.
LaTeX Font Info:    No math alphabet change to frozen version normal on input line 1104.
LaTeX Font Info:    No math alphabet change to frozen version normal on input line 1104.
LaTeX Font Info:    No math alphabet change to frozen version normal on input line 1107.
LaTeX Font Info:    No math alphabet change to frozen version normal on input line 1107.
LaTeX Font Info:    No math alphabet change to frozen version normal on input line 1107.
LaTeX Font Info:    No math alphabet change to frozen version normal on input line 1107.
LaTeX Font Info:    No math alphabet change to frozen version normal on input line 1107.
LaTeX Font Info:    No math alphabet change to frozen version normal on input line 1107.
LaTeX Font Info:    No math alphabet change to frozen version normal on input line 1115.
LaTeX Font Info:    No math alphabet change to frozen version normal on input line 1115.
LaTeX Font Info:    No math alphabet change to frozen version normal on input line 1115.
LaTeX Font Info:    No math alphabet change to frozen version normal on input line 1115.
LaTeX Font Info:    No math alphabet change to frozen version normal on input line 1115.
LaTeX Font Info:    No math alphabet change to frozen version normal on input line 1115.
LaTeX Font Info:    No math alphabet change to frozen version normal on input line 1115.
LaTeX Font Info:    No math alphabet change to frozen version normal on input line 1115.
LaTeX Font Info:    No math alphabet change to frozen version normal on input line 1115.
LaTeX Font Info:    No math alphabet change to frozen version normal on input line 1115.
LaTeX Font Info:    No math alphabet change to frozen version normal on input line 1115.
LaTeX Font Info:    No math alphabet change to frozen version normal on input line 1115.
LaTeX Font Info:    No math alphabet change to frozen version normal on input line 1117.
Package mdframed Info: mdframed detected package amsthm 
 changed the theorem header of amsthm
(mdframed)              on input line 1119.
LaTeX Font Info:    No math alphabet change to frozen version normal on input line 1120.
LaTeX Font Info:    No math alphabet change to frozen version normal on input line 1120.
LaTeX Font Info:    No math alphabet change to frozen version normal on input line 1120.
LaTeX Font Info:    No math alphabet change to frozen version normal on input line 1123.
LaTeX Font Info:    No math alphabet change to frozen version normal on input line 1123.
LaTeX Font Info:    No math alphabet change to frozen version normal on input line 1123.
LaTeX Font Info:    No math alphabet change to frozen version normal on input line 1123.
LaTeX Font Info:    No math alphabet change to frozen version normal on input line 1123.
LaTeX Font Info:    No math alphabet change to frozen version normal on input line 1123.


LaTeX Font Info:    No math alphabet change to frozen version normal on input line 1124.
LaTeX Font Info:    No math alphabet change to frozen version normal on input line 1124.
LaTeX Font Info:    No math alphabet change to frozen version normal on input line 1124.
LaTeX Font Info:    No math alphabet change to frozen version normal on input line 1124.
LaTeX Font Info:    No math alphabet change to frozen version normal on input line 1124.
LaTeX Font Info:    No math alphabet change to frozen version normal on input line 1124.
[26]
LaTeX Font Info:    No math alphabet change to frozen version normal on input line 1132.
LaTeX Font Info:    No math alphabet change to frozen version normal on input line 1132.
LaTeX Font Info:    No math alphabet change to frozen version normal on input line 1132.
LaTeX Font Info:    No math alphabet change to frozen version normal on input line 1132.
LaTeX Font Info:    No math alphabet change to frozen version normal on input line 1132.
LaTeX Font Info:    No math alphabet change to frozen version normal on input line 1132.
LaTeX Font Info:    No math alphabet change to frozen version normal on input line 1132.
LaTeX Font Info:    No math alphabet change to frozen version normal on input line 1132.
LaTeX Font Info:    No math alphabet change to frozen version normal on input line 1132.
LaTeX Font Info:    No math alphabet change to frozen version normal on input line 1132.
LaTeX Font Info:    No math alphabet change to frozen version normal on input line 1132.
LaTeX Font Info:    No math alphabet change to frozen version normal on input line 1132.
LaTeX Font Info:    No math alphabet change to frozen version normal on input line 1132.
LaTeX Font Info:    No math alphabet change to frozen version normal on input line 1132.
LaTeX Font Info:    No math alphabet change to frozen version normal on input line 1132.
LaTeX Font Info:    No math alphabet change to frozen version normal on input line 1132.
LaTeX Font Info:    No math alphabet change to frozen version normal on input line 1132.
LaTeX Font Info:    No math alphabet change to frozen version normal on input line 1132.
LaTeX Font Info:    No math alphabet change to frozen version normal on input line 1132.
LaTeX Font Info:    No math alphabet change to frozen version normal on input line 1132.
LaTeX Font Info:    No math alphabet change to frozen version normal on input line 1132.
LaTeX Font Info:    No math alphabet change to frozen version normal on input line 1132.
LaTeX Font Info:    No math alphabet change to frozen version normal on input line 1132.
LaTeX Font Info:    No math alphabet change to frozen version normal on input line 1132.
LaTeX Font Info:    No math alphabet change to frozen version normal on input line 1132.
LaTeX Font Info:    No math alphabet change to frozen version normal on input line 1132.
LaTeX Font Info:    No math alphabet change to frozen version normal on input line 1132.
LaTeX Font Info:    No math alphabet change to frozen version normal on input line 1132.
LaTeX Font Info:    No math alphabet change to frozen version normal on input line 1133.
Package mdframed Info: mdframed detected package amsthm 
 changed the theorem header of amsthm
(mdframed)              on input line 1135.
LaTeX Font Info:    No math alphabet change to frozen version normal on input line 1136.
LaTeX Font Info:    No math alphabet change to frozen version normal on input line 1136.
LaTeX Font Info:    No math alphabet change to frozen version normal on input line 1139.
LaTeX Font Info:    No math alphabet change to frozen version normal on input line 1139.
LaTeX Font Info:    No math alphabet change to frozen version normal on input line 1139.
LaTeX Font Info:    No math alphabet change to frozen version normal on input line 1139.
LaTeX Font Info:    No math alphabet change to frozen version normal on input line 1139.
LaTeX Font Info:    No math alphabet change to frozen version normal on input line 1139.
LaTeX Font Info:    No math alphabet change to frozen version normal on input line 1143.
LaTeX Font Info:    No math alphabet change to frozen version normal on input line 1143.
LaTeX Font Info:    No math alphabet change to frozen version normal on input line 1143.
LaTeX Font Info:    No math alphabet change to frozen version normal on input line 1143.
LaTeX Font Info:    No math alphabet change to frozen version normal on input line 1143.
LaTeX Font Info:    No math alphabet change to frozen version normal on input line 1143.
LaTeX Font Info:    No math alphabet change to frozen version normal on input line 1143.
LaTeX Font Info:    No math alphabet change to frozen version normal on input line 1145.
LaTeX Font Info:    No math alphabet change to frozen version normal on input line 1145.
LaTeX Font Info:    No math alphabet change to frozen version normal on input line 1149.
LaTeX Font Info:    No math alphabet change to frozen version normal on input line 1149.
LaTeX Font Info:    No math alphabet change to frozen version normal on input line 1149.
LaTeX Font Info:    No math alphabet change to frozen version normal on input line 1149.
LaTeX Font Info:    No math alphabet change to frozen version normal on input line 1149.
LaTeX Font Info:    No math alphabet change to frozen version normal on input line 1149.
LaTeX Font Info:    No math alphabet change to frozen version normal on input line 1149.
LaTeX Font Info:    No math alphabet change to frozen version normal on input line 1149.
LaTeX Font Info:    No math alphabet change to frozen version normal on input line 1149.
LaTeX Font Info:    No math alphabet change to frozen version normal on input line 1149.
LaTeX Font Info:    No math alphabet change to frozen version normal on input line 1149.
LaTeX Font Info:    No math alphabet change to frozen version normal on input line 1149.
LaTeX Font Info:    No math alphabet change to frozen version normal on input line 1150.
LaTeX Font Info:    No math alphabet change to frozen version normal on input line 1150.
LaTeX Font Info:    No math alphabet change to frozen version normal on input line 1150.
LaTeX Font Info:    No math alphabet change to frozen version normal on input line 1154.
LaTeX Font Info:    No math alphabet change to frozen version normal on input line 1154.
LaTeX Font Info:    No math alphabet change to frozen version normal on input line 1154.
LaTeX Font Info:    No math alphabet change to frozen version normal on input line 1154.
LaTeX Font Info:    No math alphabet change to frozen version normal on input line 1154.
LaTeX Font Info:    No math alphabet change to frozen version normal on input line 1154.
LaTeX Font Info:    No math alphabet change to frozen version normal on input line 1154.
LaTeX Font Info:    No math alphabet change to frozen version normal on input line 1154.
LaTeX Font Info:    No math alphabet change to frozen version normal on input line 1154.
LaTeX Font Info:    No math alphabet change to frozen version normal on input line 1154.
LaTeX Font Info:    No math alphabet change to frozen version normal on input line 1154.
LaTeX Font Info:    No math alphabet change to frozen version normal on input line 1154.
LaTeX Font Info:    No math alphabet change to frozen version normal on input line 1155.
Package mdframed Info: mdframed detected package amsthm 
 changed the theorem header of amsthm
(mdframed)              on input line 1158.
LaTeX Font Info:    No math alphabet change to frozen version normal on input line 1158.
Package mdframed Info: mdframed detected package amsthm 
 changed the theorem header of amsthm
(mdframed)              on input line 1162.
LaTeX Font Info:    No math alphabet change to frozen version normal on input line 1162.
LaTeX Font Info:    No math alphabet change to frozen version normal on input line 1166.
LaTeX Font Info:    No math alphabet change to frozen version normal on input line 1166.
LaTeX Font Info:    No math alphabet change to frozen version normal on input line 1166.
LaTeX Font Info:    No math alphabet change to frozen version normal on input line 1166.
LaTeX Font Info:    No math alphabet change to frozen version normal on input line 1166.
LaTeX Font Info:    No math alphabet change to frozen version normal on input line 1166.
LaTeX Font Info:    No math alphabet change to frozen version normal on input line 1166.
LaTeX Font Info:    No math alphabet change to frozen version normal on input line 1166.
LaTeX Font Info:    No math alphabet change to frozen version normal on input line 1166.
LaTeX Font Info:    No math alphabet change to frozen version normal on input line 1166.
LaTeX Font Info:    No math alphabet change to frozen version normal on input line 1166.
LaTeX Font Info:    No math alphabet change to frozen version normal on input line 1166.
LaTeX Font Info:    No math alphabet change to frozen version normal on input line 1167.
LaTeX Font Info:    No math alphabet change to frozen version normal on input line 1167.
LaTeX Font Info:    No math alphabet change to frozen version normal on input line 1171.
LaTeX Font Info:    No math alphabet change to frozen version normal on input line 1171.
LaTeX Font Info:    No math alphabet change to frozen version normal on input line 1171.
LaTeX Font Info:    No math alphabet change to frozen version normal on input line 1171.
LaTeX Font Info:    No math alphabet change to frozen version normal on input line 1174.
LaTeX Font Info:    No math alphabet change to frozen version normal on input line 1174.
LaTeX Font Info:    No math alphabet change to frozen version normal on input line 1174.
LaTeX Font Info:    No math alphabet change to frozen version normal on input line 1174.
LaTeX Font Info:    No math alphabet change to frozen version normal on input line 1174.


LaTeX Font Info:    No math alphabet change to frozen version normal on input line 1174.
LaTeX Font Info:    No math alphabet change to frozen version normal on input line 1174.
LaTeX Font Info:    No math alphabet change to frozen version normal on input line 1174.
LaTeX Font Info:    No math alphabet change to frozen version normal on input line 1174.
LaTeX Font Info:    No math alphabet change to frozen version normal on input line 1174.
LaTeX Font Info:    No math alphabet change to frozen version normal on input line 1174.
[27]
LaTeX Font Info:    No math alphabet change to frozen version normal on input line 1174.
Package mdframed Info: mdframed detected package amsthm 
 changed the theorem header of amsthm
(mdframed)              on input line 1177.
LaTeX Font Info:    No math alphabet change to frozen version normal on input line 1178.
LaTeX Font Info:    No math alphabet change to frozen version normal on input line 1178.
LaTeX Font Info:    No math alphabet change to frozen version normal on input line 1181.
LaTeX Font Info:    No math alphabet change to frozen version normal on input line 1181.
LaTeX Font Info:    No math alphabet change to frozen version normal on input line 1181.
LaTeX Font Info:    No math alphabet change to frozen version normal on input line 1181.
LaTeX Font Info:    No math alphabet change to frozen version normal on input line 1181.
LaTeX Font Info:    No math alphabet change to frozen version normal on input line 1181.
Package mdframed Info: mdframed detected package amsthm 
 changed the theorem header of amsthm
(mdframed)              on input line 1185.
LaTeX Font Info:    No math alphabet change to frozen version normal on input line 1185.
Package mdframed Info: mdframed detected package amsthm 
 changed the theorem header of amsthm
(mdframed)              on input line 1189.
LaTeX Font Info:    No math alphabet change to frozen version normal on input line 1189.
LaTeX Font Info:    No math alphabet change to frozen version normal on input line 1189.
LaTeX Font Info:    No math alphabet change to frozen version normal on input line 1189.
LaTeX Font Info:    No math alphabet change to frozen version normal on input line 1189.
LaTeX Font Info:    No math alphabet change to frozen version normal on input line 1189.
LaTeX Font Info:    No math alphabet change to frozen version normal on input line 1189.
LaTeX Font Info:    No math alphabet change to frozen version normal on input line 1189.
LaTeX Font Info:    No math alphabet change to frozen version normal on input line 1189.
LaTeX Font Info:    No math alphabet change to frozen version normal on input line 1189.
LaTeX Font Info:    No math alphabet change to frozen version normal on input line 1189.
LaTeX Font Info:    No math alphabet change to frozen version normal on input line 1193.
LaTeX Font Info:    No math alphabet change to frozen version normal on input line 1193.
LaTeX Font Info:    No math alphabet change to frozen version normal on input line 1193.
LaTeX Font Info:    No math alphabet change to frozen version normal on input line 1193.
LaTeX Font Info:    No math alphabet change to frozen version normal on input line 1196.
LaTeX Font Info:    No math alphabet change to frozen version normal on input line 1196.
LaTeX Font Info:    No math alphabet change to frozen version normal on input line 1196.
LaTeX Font Info:    No math alphabet change to frozen version normal on input line 1196.
LaTeX Font Info:    No math alphabet change to frozen version normal on input line 1196.
LaTeX Font Info:    No math alphabet change to frozen version normal on input line 1196.
LaTeX Font Info:    No math alphabet change to frozen version normal on input line 1196.
LaTeX Font Info:    No math alphabet change to frozen version normal on input line 1196.
LaTeX Font Info:    No math alphabet change to frozen version normal on input line 1196.
LaTeX Font Info:    No math alphabet change to frozen version normal on input line 1196.
LaTeX Font Info:    No math alphabet change to frozen version normal on input line 1196.
LaTeX Font Info:    No math alphabet change to frozen version normal on input line 1196.
LaTeX Font Info:    No math alphabet change to frozen version normal on input line 1202.
LaTeX Font Info:    No math alphabet change to frozen version normal on input line 1202.
LaTeX Font Info:    No math alphabet change to frozen version normal on input line 1202.
LaTeX Font Info:    No math alphabet change to frozen version normal on input line 1202.
LaTeX Font Info:    No math alphabet change to frozen version normal on input line 1202.
LaTeX Font Info:    No math alphabet change to frozen version normal on input line 1202.
LaTeX Font Info:    No math alphabet change to frozen version normal on input line 1202.
LaTeX Font Info:    No math alphabet change to frozen version normal on input line 1202.
LaTeX Font Info:    No math alphabet change to frozen version normal on input line 1202.
LaTeX Font Info:    No math alphabet change to frozen version normal on input line 1202.
LaTeX Font Info:    No math alphabet change to frozen version normal on input line 1202.
LaTeX Font Info:    No math alphabet change to frozen version normal on input line 1202.
LaTeX Font Info:    No math alphabet change to frozen version normal on input line 1202.
LaTeX Font Info:    No math alphabet change to frozen version normal on input line 1202.
LaTeX Font Info:    No math alphabet change to frozen version normal on input line 1202.
LaTeX Font Info:    No math alphabet change to frozen version normal on input line 1202.
LaTeX Font Info:    No math alphabet change to frozen version normal on input line 1206.
LaTeX Font Info:    No math alphabet change to frozen version normal on input line 1206.
LaTeX Font Info:    No math alphabet change to frozen version normal on input line 1206.
LaTeX Font Info:    No math alphabet change to frozen version normal on input line 1206.
LaTeX Font Info:    No math alphabet change to frozen version normal on input line 1206.
LaTeX Font Info:    No math alphabet change to frozen version normal on input line 1206.
LaTeX Font Info:    No math alphabet change to frozen version normal on input line 1207.
LaTeX Font Info:    No math alphabet change to frozen version normal on input line 1210.
LaTeX Font Info:    No math alphabet change to frozen version normal on input line 1210.
LaTeX Font Info:    No math alphabet change to frozen version normal on input line 1210.
LaTeX Font Info:    No math alphabet change to frozen version normal on input line 1210.
LaTeX Font Info:    No math alphabet change to frozen version normal on input line 1210.
LaTeX Font Info:    No math alphabet change to frozen version normal on input line 1210.
LaTeX Font Info:    No math alphabet change to frozen version normal on input line 1211.
LaTeX Font Info:    No math alphabet change to frozen version normal on input line 1211.
LaTeX Font Info:    No math alphabet change to frozen version normal on input line 1211.
LaTeX Font Info:    No math alphabet change to frozen version normal on input line 1211.
LaTeX Font Info:    No math alphabet change to frozen version normal on input line 1211.
LaTeX Font Info:    No math alphabet change to frozen version normal on input line 1212.
LaTeX Font Info:    No math alphabet change to frozen version normal on input line 1215.
LaTeX Font Info:    No math alphabet change to frozen version normal on input line 1215.
LaTeX Font Info:    No math alphabet change to frozen version normal on input line 1215.
LaTeX Font Info:    No math alphabet change to frozen version normal on input line 1215.
LaTeX Font Info:    No math alphabet change to frozen version normal on input line 1215.
LaTeX Font Info:    No math alphabet change to frozen version normal on input line 1215.
LaTeX Font Info:    No math alphabet change to frozen version normal on input line 1219.
LaTeX Font Info:    No math alphabet change to frozen version normal on input line 1219.
LaTeX Font Info:    No math alphabet change to frozen version normal on input line 1219.
LaTeX Font Info:    No math alphabet change to frozen version normal on input line 1219.
LaTeX Font Info:    No math alphabet change to frozen version normal on input line 1219.
LaTeX Font Info:    No math alphabet change to frozen version normal on input line 1219.
LaTeX Font Info:    No math alphabet change to frozen version normal on input line 1219.
LaTeX Font Info:    No math alphabet change to frozen version normal on input line 1219.
LaTeX Font Info:    No math alphabet change to frozen version normal on input line 1219.
LaTeX Font Info:    No math alphabet change to frozen version normal on input line 1219.
LaTeX Font Info:    No math alphabet change to frozen version normal on input line 1219.
LaTeX Font Info:    No math alphabet change to frozen version normal on input line 1219.
LaTeX Font Info:    No math alphabet change to frozen version normal on input line 1220.
Package mdframed Info: mdframed detected package amsthm 
 changed the theorem header of amsthm
(mdframed)              on input line 1223.
LaTeX Font Info:    No math alphabet change to frozen version normal on input line 1225.
LaTeX Font Info:    No math alphabet change to frozen version normal on input line 1225.
LaTeX Font Info:    No math alphabet change to frozen version normal on input line 1225.
LaTeX Font Info:    No math alphabet change to frozen version normal on input line 1225.
LaTeX Font Info:    No math alphabet change to frozen version normal on input line 1225.
LaTeX Font Info:    No math alphabet change to frozen version normal on input line 1225.
LaTeX Font Info:    No math alphabet change to frozen version normal on input line 1225.
LaTeX Font Info:    No math alphabet change to frozen version normal on input line 1225.
LaTeX Font Info:    No math alphabet change to frozen version normal on input line 1225.
LaTeX Font Info:    No math alphabet change to frozen version normal on input line 1227.
LaTeX Font Info:    No math alphabet change to frozen version normal on input line 1227.
LaTeX Font Info:    No math alphabet change to frozen version normal on input line 1230.
LaTeX Font Info:    No math alphabet change to frozen version normal on input line 1230.
LaTeX Font Info:    No math alphabet change to frozen version normal on input line 1230.
LaTeX Font Info:    No math alphabet change to frozen version normal on input line 1230.
LaTeX Font Info:    No math alphabet change to frozen version normal on input line 1230.
LaTeX Font Info:    No math alphabet change to frozen version normal on input line 1230.
LaTeX Font Info:    No math alphabet change to frozen version normal on input line 1231.
LaTeX Font Info:    No math alphabet change to frozen version normal on input line 1235.
LaTeX Font Info:    No math alphabet change to frozen version normal on input line 1235.
LaTeX Font Info:    No math alphabet change to frozen version normal on input line 1235.
LaTeX Font Info:    No math alphabet change to frozen version normal on input line 1235.
LaTeX Font Info:    No math alphabet change to frozen version normal on input line 1235.
LaTeX Font Info:    No math alphabet change to frozen version normal on input line 1235.
LaTeX Font Info:    No math alphabet change to frozen version normal on input line 1235.
LaTeX Font Info:    No math alphabet change to frozen version normal on input line 1235.
LaTeX Font Info:    No math alphabet change to frozen version normal on input line 1235.
LaTeX Font Info:    No math alphabet change to frozen version normal on input line 1235.
LaTeX Font Info:    No math alphabet change to frozen version normal on input line 1235.
LaTeX Font Info:    No math alphabet change to frozen version normal on input line 1235.
LaTeX Font Info:    No math alphabet change to frozen version normal on input line 1236.
LaTeX Font Info:    No math alphabet change to frozen version normal on input line 1236.
LaTeX Font Info:    No math alphabet change to frozen version normal on input line 1236.
LaTeX Font Info:    No math alphabet change to frozen version normal on input line 1236.
Package mdframed Info: Not enough space on this page on input line 1238.


LaTeX Font Info:    No math alphabet change to frozen version normal on input line 1238.
LaTeX Font Info:    No math alphabet change to frozen version normal on input line 1238.
LaTeX Font Info:    No math alphabet change to frozen version normal on input line 1238.
LaTeX Font Info:    No math alphabet change to frozen version normal on input line 1238.
LaTeX Font Info:    No math alphabet change to frozen version normal on input line 1238.
LaTeX Font Info:    No math alphabet change to frozen version normal on input line 1238.
[28]
Package mdframed Info: Not enough space on this page on input line 1238.
LaTeX Font Info:    No math alphabet change to frozen version normal on input line 1240.
Package mdframed Info: mdframed detected package amsthm 
 changed the theorem header of amsthm
(mdframed)              on input line 1242.
LaTeX Font Info:    No math alphabet change to frozen version normal on input line 1243.
LaTeX Font Info:    No math alphabet change to frozen version normal on input line 1246.
LaTeX Font Info:    No math alphabet change to frozen version normal on input line 1246.
LaTeX Font Info:    No math alphabet change to frozen version normal on input line 1246.
LaTeX Font Info:    No math alphabet change to frozen version normal on input line 1246.
LaTeX Font Info:    No math alphabet change to frozen version normal on input line 1246.
LaTeX Font Info:    No math alphabet change to frozen version normal on input line 1246.
Package mdframed Info: mdframed detected package amsthm 
 changed the theorem header of amsthm
(mdframed)              on input line 1250.
LaTeX Font Info:    No math alphabet change to frozen version normal on input line 1250.
LaTeX Font Info:    No math alphabet change to frozen version normal on input line 1250.
LaTeX Font Info:    No math alphabet change to frozen version normal on input line 1253.
LaTeX Font Info:    No math alphabet change to frozen version normal on input line 1253.
LaTeX Font Info:    No math alphabet change to frozen version normal on input line 1253.
LaTeX Font Info:    No math alphabet change to frozen version normal on input line 1253.
LaTeX Font Info:    No math alphabet change to frozen version normal on input line 1253.
LaTeX Font Info:    No math alphabet change to frozen version normal on input line 1253.
LaTeX Font Info:    No math alphabet change to frozen version normal on input line 1257.
LaTeX Font Info:    No math alphabet change to frozen version normal on input line 1257.
LaTeX Font Info:    No math alphabet change to frozen version normal on input line 1257.
LaTeX Font Info:    No math alphabet change to frozen version normal on input line 1260.
LaTeX Font Info:    No math alphabet change to frozen version normal on input line 1260.
LaTeX Font Info:    No math alphabet change to frozen version normal on input line 1260.
LaTeX Font Info:    No math alphabet change to frozen version normal on input line 1260.
LaTeX Font Info:    No math alphabet change to frozen version normal on input line 1260.
LaTeX Font Info:    No math alphabet change to frozen version normal on input line 1260.
LaTeX Font Info:    No math alphabet change to frozen version normal on input line 1264.
LaTeX Font Info:    No math alphabet change to frozen version normal on input line 1264.
LaTeX Font Info:    No math alphabet change to frozen version normal on input line 1264.
LaTeX Font Info:    No math alphabet change to frozen version normal on input line 1264.
LaTeX Font Info:    No math alphabet change to frozen version normal on input line 1264.
LaTeX Font Info:    No math alphabet change to frozen version normal on input line 1264.
LaTeX Font Info:    No math alphabet change to frozen version normal on input line 1266.
LaTeX Font Info:    No math alphabet change to frozen version normal on input line 1269.
LaTeX Font Info:    No math alphabet change to frozen version normal on input line 1269.
LaTeX Font Info:    No math alphabet change to frozen version normal on input line 1273.
LaTeX Font Info:    No math alphabet change to frozen version normal on input line 1273.
LaTeX Font Info:    No math alphabet change to frozen version normal on input line 1273.
LaTeX Font Info:    No math alphabet change to frozen version normal on input line 1273.
LaTeX Font Info:    No math alphabet change to frozen version normal on input line 1273.
LaTeX Font Info:    No math alphabet change to frozen version normal on input line 1273.
LaTeX Font Info:    No math alphabet change to frozen version normal on input line 1273.
LaTeX Font Info:    No math alphabet change to frozen version normal on input line 1273.
LaTeX Font Info:    No math alphabet change to frozen version normal on input line 1273.
LaTeX Font Info:    No math alphabet change to frozen version normal on input line 1273.
LaTeX Font Info:    No math alphabet change to frozen version normal on input line 1273.


LaTeX Font Info:    No math alphabet change to frozen version normal on input line 1273.
LaTeX Font Info:    No math alphabet change to frozen version normal on input line 1273.
LaTeX Font Info:    No math alphabet change to frozen version normal on input line 1273.
LaTeX Font Info:    No math alphabet change to frozen version normal on input line 1273.
LaTeX Font Info:    No math alphabet change to frozen version normal on input line 1273.
LaTeX Font Info:    No math alphabet change to frozen version normal on input line 1273.
[29]
LaTeX Font Info:    No math alphabet change to frozen version normal on input line 1273.
LaTeX Font Info:    No math alphabet change to frozen version normal on input line 1275.
LaTeX Font Info:    No math alphabet change to frozen version normal on input line 1279.
LaTeX Font Info:    No math alphabet change to frozen version normal on input line 1279.
LaTeX Font Info:    No math alphabet change to frozen version normal on input line 1279.
LaTeX Font Info:    No math alphabet change to frozen version normal on input line 1282.
LaTeX Font Info:    No math alphabet change to frozen version normal on input line 1285.
LaTeX Font Info:    No math alphabet change to frozen version normal on input line 1285.
LaTeX Font Info:    No math alphabet change to frozen version normal on input line 1285.
LaTeX Font Info:    No math alphabet change to frozen version normal on input line 1285.
LaTeX Font Info:    No math alphabet change to frozen version normal on input line 1285.
LaTeX Font Info:    No math alphabet change to frozen version normal on input line 1285.
LaTeX Font Info:    No math alphabet change to frozen version normal on input line 1286.
Package mdframed Info: mdframed detected package amsthm 
 changed the theorem header of amsthm
(mdframed)              on input line 1290.
LaTeX Font Info:    No math alphabet change to frozen version normal on input line 1293.
LaTeX Font Info:    No math alphabet change to frozen version normal on input line 1293.
LaTeX Font Info:    No math alphabet change to frozen version normal on input line 1293.
LaTeX Font Info:    No math alphabet change to frozen version normal on input line 1293.
LaTeX Font Info:    No math alphabet change to frozen version normal on input line 1293.
LaTeX Font Info:    No math alphabet change to frozen version normal on input line 1293.
LaTeX Font Info:    No math alphabet change to frozen version normal on input line 1298.
LaTeX Font Info:    No math alphabet change to frozen version normal on input line 1298.
LaTeX Font Info:    No math alphabet change to frozen version normal on input line 1298.
LaTeX Font Info:    No math alphabet change to frozen version normal on input line 1298.
LaTeX Font Info:    No math alphabet change to frozen version normal on input line 1301.
LaTeX Font Info:    No math alphabet change to frozen version normal on input line 1301.
LaTeX Font Info:    No math alphabet change to frozen version normal on input line 1301.
LaTeX Font Info:    No math alphabet change to frozen version normal on input line 1301.
LaTeX Font Info:    No math alphabet change to frozen version normal on input line 1301.
LaTeX Font Info:    No math alphabet change to frozen version normal on input line 1301.
LaTeX Font Info:    No math alphabet change to frozen version normal on input line 1306.
LaTeX Font Info:    No math alphabet change to frozen version normal on input line 1306.
LaTeX Font Info:    No math alphabet change to frozen version normal on input line 1306.
LaTeX Font Info:    No math alphabet change to frozen version normal on input line 1306.
LaTeX Font Info:    No math alphabet change to frozen version normal on input line 1306.
LaTeX Font Info:    No math alphabet change to frozen version normal on input line 1306.
LaTeX Font Info:    No math alphabet change to frozen version normal on input line 1310.
LaTeX Font Info:    No math alphabet change to frozen version normal on input line 1310.
LaTeX Font Info:    No math alphabet change to frozen version normal on input line 1310.
LaTeX Font Info:    No math alphabet change to frozen version normal on input line 1315.
LaTeX Font Info:    No math alphabet change to frozen version normal on input line 1315.
LaTeX Font Info:    No math alphabet change to frozen version normal on input line 1315.
LaTeX Font Info:    No math alphabet change to frozen version normal on input line 1315.
LaTeX Font Info:    No math alphabet change to frozen version normal on input line 1315.
LaTeX Font Info:    No math alphabet change to frozen version normal on input line 1315.
LaTeX Font Info:    No math alphabet change to frozen version normal on input line 1315.
LaTeX Font Info:    No math alphabet change to frozen version normal on input line 1315.
LaTeX Font Info:    No math alphabet change to frozen version normal on input line 1315.
LaTeX Font Info:    No math alphabet change to frozen version normal on input line 1315.
LaTeX Font Info:    No math alphabet change to frozen version normal on input line 1315.
LaTeX Font Info:    No math alphabet change to frozen version normal on input line 1315.
LaTeX Font Info:    No math alphabet change to frozen version normal on input line 1315.
LaTeX Font Info:    No math alphabet change to frozen version normal on input line 1315.
LaTeX Font Info:    No math alphabet change to frozen version normal on input line 1315.
LaTeX Font Info:    No math alphabet change to frozen version normal on input line 1315.
Package mdframed Info: mdframed detected package amsthm 
 changed the theorem header of amsthm
(mdframed)              on input line 1319.
LaTeX Font Info:    No math alphabet change to frozen version normal on input line 1319.
LaTeX Font Info:    No math alphabet change to frozen version normal on input line 1319.
LaTeX Font Info:    No math alphabet change to frozen version normal on input line 1319.
LaTeX Font Info:    No math alphabet change to frozen version normal on input line 1319.
LaTeX Font Info:    No math alphabet change to frozen version normal on input line 1325.
LaTeX Font Info:    No math alphabet change to frozen version normal on input line 1325.
LaTeX Font Info:    No math alphabet change to frozen version normal on input line 1325.
LaTeX Font Info:    No math alphabet change to frozen version normal on input line 1325.
LaTeX Font Info:    No math alphabet change to frozen version normal on input line 1325.
LaTeX Font Info:    No math alphabet change to frozen version normal on input line 1325.
LaTeX Font Info:    No math alphabet change to frozen version normal on input line 1325.
LaTeX Font Info:    No math alphabet change to frozen version normal on input line 1325.
LaTeX Font Info:    No math alphabet change to frozen version normal on input line 1325.
LaTeX Font Info:    No math alphabet change to frozen version normal on input line 1325.
LaTeX Font Info:    No math alphabet change to frozen version normal on input line 1325.
LaTeX Font Info:    No math alphabet change to frozen version normal on input line 1325.
LaTeX Font Info:    No math alphabet change to frozen version normal on input line 1325.
LaTeX Font Info:    No math alphabet change to frozen version normal on input line 1325.
LaTeX Font Info:    No math alphabet change to frozen version normal on input line 1325.
LaTeX Font Info:    No math alphabet change to frozen version normal on input line 1325.
LaTeX Font Info:    No math alphabet change to frozen version normal on input line 1325.
LaTeX Font Info:    No math alphabet change to frozen version normal on input line 1325.
LaTeX Font Info:    No math alphabet change to frozen version normal on input line 1325.
LaTeX Font Info:    No math alphabet change to frozen version normal on input line 1325.
LaTeX Font Info:    No math alphabet change to frozen version normal on input line 1326.


LaTeX Font Info:    No math alphabet change to frozen version normal on input line 1327.
LaTeX Font Info:    No math alphabet change to frozen version normal on input line 1327.
LaTeX Font Info:    No math alphabet change to frozen version normal on input line 1327.
LaTeX Font Info:    No math alphabet change to frozen version normal on input line 1327.
LaTeX Font Info:    No math alphabet change to frozen version normal on input line 1327.
LaTeX Font Info:    No math alphabet change to frozen version normal on input line 1327.
[30]
LaTeX Font Info:    No math alphabet change to frozen version normal on input line 1328.
LaTeX Font Info:    No math alphabet change to frozen version normal on input line 1328.
LaTeX Font Info:    No math alphabet change to frozen version normal on input line 1331.
LaTeX Font Info:    No math alphabet change to frozen version normal on input line 1331.
LaTeX Font Info:    No math alphabet change to frozen version normal on input line 1331.
LaTeX Font Info:    No math alphabet change to frozen version normal on input line 1331.
LaTeX Font Info:    No math alphabet change to frozen version normal on input line 1331.
LaTeX Font Info:    No math alphabet change to frozen version normal on input line 1331.
LaTeX Font Info:    No math alphabet change to frozen version normal on input line 1332.
LaTeX Font Info:    No math alphabet change to frozen version normal on input line 1335.
LaTeX Font Info:    No math alphabet change to frozen version normal on input line 1335.
LaTeX Font Info:    No math alphabet change to frozen version normal on input line 1335.
LaTeX Font Info:    No math alphabet change to frozen version normal on input line 1335.
LaTeX Font Info:    No math alphabet change to frozen version normal on input line 1335.
LaTeX Font Info:    No math alphabet change to frozen version normal on input line 1335.
Package mdframed Info: mdframed detected package amsthm 
 changed the theorem header of amsthm
(mdframed)              on input line 1337.
LaTeX Font Info:    No math alphabet change to frozen version normal on input line 1338.
LaTeX Font Info:    No math alphabet change to frozen version normal on input line 1338.
LaTeX Font Info:    No math alphabet change to frozen version normal on input line 1338.
LaTeX Font Info:    No math alphabet change to frozen version normal on input line 1338.
LaTeX Font Info:    No math alphabet change to frozen version normal on input line 1338.
LaTeX Font Info:    No math alphabet change to frozen version normal on input line 1341.
LaTeX Font Info:    No math alphabet change to frozen version normal on input line 1341.
LaTeX Font Info:    No math alphabet change to frozen version normal on input line 1341.
LaTeX Font Info:    No math alphabet change to frozen version normal on input line 1341.
LaTeX Font Info:    No math alphabet change to frozen version normal on input line 1341.
LaTeX Font Info:    No math alphabet change to frozen version normal on input line 1341.
LaTeX Font Info:    No math alphabet change to frozen version normal on input line 1347.
LaTeX Font Info:    No math alphabet change to frozen version normal on input line 1347.
LaTeX Font Info:    No math alphabet change to frozen version normal on input line 1347.
LaTeX Font Info:    No math alphabet change to frozen version normal on input line 1347.
LaTeX Font Info:    No math alphabet change to frozen version normal on input line 1347.
LaTeX Font Info:    No math alphabet change to frozen version normal on input line 1347.
LaTeX Font Info:    No math alphabet change to frozen version normal on input line 1348.
LaTeX Font Info:    No math alphabet change to frozen version normal on input line 1354.
LaTeX Font Info:    No math alphabet change to frozen version normal on input line 1354.
LaTeX Font Info:    No math alphabet change to frozen version normal on input line 1354.
LaTeX Font Info:    No math alphabet change to frozen version normal on input line 1354.
LaTeX Font Info:    No math alphabet change to frozen version normal on input line 1354.
LaTeX Font Info:    No math alphabet change to frozen version normal on input line 1354.
LaTeX Font Info:    No math alphabet change to frozen version normal on input line 1354.
LaTeX Font Info:    No math alphabet change to frozen version normal on input line 1354.
LaTeX Font Info:    No math alphabet change to frozen version normal on input line 1354.
LaTeX Font Info:    No math alphabet change to frozen version normal on input line 1354.
LaTeX Font Info:    No math alphabet change to frozen version normal on input line 1354.
LaTeX Font Info:    No math alphabet change to frozen version normal on input line 1354.
LaTeX Font Info:    No math alphabet change to frozen version normal on input line 1354.
LaTeX Font Info:    No math alphabet change to frozen version normal on input line 1354.
LaTeX Font Info:    No math alphabet change to frozen version normal on input line 1354.
LaTeX Font Info:    No math alphabet change to frozen version normal on input line 1354.
LaTeX Font Info:    No math alphabet change to frozen version normal on input line 1355.
LaTeX Font Info:    No math alphabet change to frozen version normal on input line 1357.
LaTeX Font Info:    No math alphabet change to frozen version normal on input line 1357.
LaTeX Font Info:    No math alphabet change to frozen version normal on input line 1357.
LaTeX Font Info:    No math alphabet change to frozen version normal on input line 1357.


LaTeX Font Info:    No math alphabet change to frozen version normal on input line 1358.
LaTeX Font Info:    No math alphabet change to frozen version normal on input line 1358.
LaTeX Font Info:    No math alphabet change to frozen version normal on input line 1358.
LaTeX Font Info:    No math alphabet change to frozen version normal on input line 1358.
LaTeX Font Info:    No math alphabet change to frozen version normal on input line 1358.
LaTeX Font Info:    No math alphabet change to frozen version normal on input line 1358.
[31]
LaTeX Font Info:    No math alphabet change to frozen version normal on input line 1360.
LaTeX Font Info:    No math alphabet change to frozen version normal on input line 1360.
LaTeX Font Info:    No math alphabet change to frozen version normal on input line 1360.
LaTeX Font Info:    No math alphabet change to frozen version normal on input line 1360.
LaTeX Font Info:    No math alphabet change to frozen version normal on input line 1360.
LaTeX Font Info:    No math alphabet change to frozen version normal on input line 1360.
Package mdframed Info: mdframed detected package amsthm 
 changed the theorem header of amsthm
(mdframed)              on input line 1364.
LaTeX Font Info:    No math alphabet change to frozen version normal on input line 1364.
LaTeX Font Info:    No math alphabet change to frozen version normal on input line 1364.
LaTeX Font Info:    No math alphabet change to frozen version normal on input line 1364.
LaTeX Font Info:    No math alphabet change to frozen version normal on input line 1364.
LaTeX Font Info:    No math alphabet change to frozen version normal on input line 1364.
LaTeX Font Info:    No math alphabet change to frozen version normal on input line 1364.
LaTeX Font Info:    No math alphabet change to frozen version normal on input line 1364.
LaTeX Font Info:    No math alphabet change to frozen version normal on input line 1370.
LaTeX Font Info:    No math alphabet change to frozen version normal on input line 1370.
LaTeX Font Info:    No math alphabet change to frozen version normal on input line 1370.
LaTeX Font Info:    No math alphabet change to frozen version normal on input line 1370.
LaTeX Font Info:    No math alphabet change to frozen version normal on input line 1370.
LaTeX Font Info:    No math alphabet change to frozen version normal on input line 1370.
LaTeX Font Info:    No math alphabet change to frozen version normal on input line 1370.
LaTeX Font Info:    No math alphabet change to frozen version normal on input line 1370.
LaTeX Font Info:    No math alphabet change to frozen version normal on input line 1370.
LaTeX Font Info:    No math alphabet change to frozen version normal on input line 1370.
LaTeX Font Info:    No math alphabet change to frozen version normal on input line 1370.
LaTeX Font Info:    No math alphabet change to frozen version normal on input line 1370.
LaTeX Font Info:    No math alphabet change to frozen version normal on input line 1370.
LaTeX Font Info:    No math alphabet change to frozen version normal on input line 1370.
LaTeX Font Info:    No math alphabet change to frozen version normal on input line 1370.
LaTeX Font Info:    No math alphabet change to frozen version normal on input line 1370.
LaTeX Font Info:    No math alphabet change to frozen version normal on input line 1370.
LaTeX Font Info:    No math alphabet change to frozen version normal on input line 1370.
LaTeX Font Info:    No math alphabet change to frozen version normal on input line 1370.
LaTeX Font Info:    No math alphabet change to frozen version normal on input line 1370.
LaTeX Font Info:    No math alphabet change to frozen version normal on input line 1371.
LaTeX Font Info:    No math alphabet change to frozen version normal on input line 1375.
LaTeX Font Info:    No math alphabet change to frozen version normal on input line 1376.
LaTeX Font Info:    No math alphabet change to frozen version normal on input line 1377.
LaTeX Font Info:    No math alphabet change to frozen version normal on input line 1378.
LaTeX Font Info:    No math alphabet change to frozen version normal on input line 1381.
LaTeX Font Info:    No math alphabet change to frozen version normal on input line 1381.
LaTeX Font Info:    No math alphabet change to frozen version normal on input line 1381.
LaTeX Font Info:    No math alphabet change to frozen version normal on input line 1381.
LaTeX Font Info:    No math alphabet change to frozen version normal on input line 1381.
LaTeX Font Info:    No math alphabet change to frozen version normal on input line 1381.
LaTeX Font Info:    No math alphabet change to frozen version normal on input line 1387.
LaTeX Font Info:    No math alphabet change to frozen version normal on input line 1387.
LaTeX Font Info:    No math alphabet change to frozen version normal on input line 1387.
LaTeX Font Info:    No math alphabet change to frozen version normal on input line 1387.
LaTeX Font Info:    No math alphabet change to frozen version normal on input line 1387.
LaTeX Font Info:    No math alphabet change to frozen version normal on input line 1387.
LaTeX Font Info:    No math alphabet change to frozen version normal on input line 1387.
LaTeX Font Info:    No math alphabet change to frozen version normal on input line 1387.
LaTeX Font Info:    No math alphabet change to frozen version normal on input line 1387.
LaTeX Font Info:    No math alphabet change to frozen version normal on input line 1387.
LaTeX Font Info:    No math alphabet change to frozen version normal on input line 1387.
LaTeX Font Info:    No math alphabet change to frozen version normal on input line 1387.
LaTeX Font Info:    No math alphabet change to frozen version normal on input line 1388.
LaTeX Font Info:    No math alphabet change to frozen version normal on input line 1388.
LaTeX Font Info:    No math alphabet change to frozen version normal on input line 1394.
LaTeX Font Info:    No math alphabet change to frozen version normal on input line 1394.
LaTeX Font Info:    No math alphabet change to frozen version normal on input line 1394.
LaTeX Font Info:    No math alphabet change to frozen version normal on input line 1394.
LaTeX Font Info:    No math alphabet change to frozen version normal on input line 1394.
LaTeX Font Info:    No math alphabet change to frozen version normal on input line 1394.
LaTeX Font Info:    No math alphabet change to frozen version normal on input line 1394.
LaTeX Font Info:    No math alphabet change to frozen version normal on input line 1394.
LaTeX Font Info:    No math alphabet change to frozen version normal on input line 1394.
LaTeX Font Info:    No math alphabet change to frozen version normal on input line 1394.
LaTeX Font Info:    No math alphabet change to frozen version normal on input line 1394.
LaTeX Font Info:    No math alphabet change to frozen version normal on input line 1394.
LaTeX Font Info:    No math alphabet change to frozen version normal on input line 1394.
LaTeX Font Info:    No math alphabet change to frozen version normal on input line 1394.
LaTeX Font Info:    No math alphabet change to frozen version normal on input line 1394.
LaTeX Font Info:    No math alphabet change to frozen version normal on input line 1394.
LaTeX Font Info:    No math alphabet change to frozen version normal on input line 1394.
LaTeX Font Info:    No math alphabet change to frozen version normal on input line 1394.
LaTeX Font Info:    No math alphabet change to frozen version normal on input line 1394.
LaTeX Font Info:    No math alphabet change to frozen version normal on input line 1394.
Package mdframed Info: mdframed detected package amsthm 
 changed the theorem header of amsthm
(mdframed)              on input line 1397.
LaTeX Font Info:    No math alphabet change to frozen version normal on input line 1397.
LaTeX Font Info:    No math alphabet change to frozen version normal on input line 1397.
LaTeX Font Info:    No math alphabet change to frozen version normal on input line 1400.
LaTeX Font Info:    No math alphabet change to frozen version normal on input line 1400.
LaTeX Font Info:    No math alphabet change to frozen version normal on input line 1400.
LaTeX Font Info:    No math alphabet change to frozen version normal on input line 1400.
LaTeX Font Info:    No math alphabet change to frozen version normal on input line 1400.
LaTeX Font Info:    No math alphabet change to frozen version normal on input line 1400.


LaTeX Font Info:    No math alphabet change to frozen version normal on input line 1401.
LaTeX Font Info:    No math alphabet change to frozen version normal on input line 1401.
LaTeX Font Info:    No math alphabet change to frozen version normal on input line 1401.
LaTeX Font Info:    No math alphabet change to frozen version normal on input line 1401.
LaTeX Font Info:    No math alphabet change to frozen version normal on input line 1401.
LaTeX Font Info:    No math alphabet change to frozen version normal on input line 1401.
[32]
LaTeX Font Info:    No math alphabet change to frozen version normal on input line 1404.
LaTeX Font Info:    No math alphabet change to frozen version normal on input line 1404.
LaTeX Font Info:    No math alphabet change to frozen version normal on input line 1404.
LaTeX Font Info:    No math alphabet change to frozen version normal on input line 1404.
LaTeX Font Info:    No math alphabet change to frozen version normal on input line 1409.
LaTeX Font Info:    No math alphabet change to frozen version normal on input line 1409.
LaTeX Font Info:    No math alphabet change to frozen version normal on input line 1409.
LaTeX Font Info:    No math alphabet change to frozen version normal on input line 1409.
LaTeX Font Info:    No math alphabet change to frozen version normal on input line 1409.
LaTeX Font Info:    No math alphabet change to frozen version normal on input line 1409.
LaTeX Font Info:    No math alphabet change to frozen version normal on input line 1409.
LaTeX Font Info:    No math alphabet change to frozen version normal on input line 1409.
LaTeX Font Info:    No math alphabet change to frozen version normal on input line 1409.
LaTeX Font Info:    No math alphabet change to frozen version normal on input line 1409.
LaTeX Font Info:    No math alphabet change to frozen version normal on input line 1409.
LaTeX Font Info:    No math alphabet change to frozen version normal on input line 1409.
LaTeX Font Info:    No math alphabet change to frozen version normal on input line 1409.
LaTeX Font Info:    No math alphabet change to frozen version normal on input line 1409.
LaTeX Font Info:    No math alphabet change to frozen version normal on input line 1409.
LaTeX Font Info:    No math alphabet change to frozen version normal on input line 1409.
LaTeX Font Info:    No math alphabet change to frozen version normal on input line 1410.
LaTeX Font Info:    No math alphabet change to frozen version normal on input line 1410.
LaTeX Font Info:    No math alphabet change to frozen version normal on input line 1411.
Package mdframed Info: mdframed detected package amsthm 
 changed the theorem header of amsthm
(mdframed)              on input line 1414.
LaTeX Font Info:    No math alphabet change to frozen version normal on input line 1414.
LaTeX Font Info:    No math alphabet change to frozen version normal on input line 1414.
LaTeX Font Info:    No math alphabet change to frozen version normal on input line 1414.
LaTeX Font Info:    No math alphabet change to frozen version normal on input line 1417.
LaTeX Font Info:    No math alphabet change to frozen version normal on input line 1417.
LaTeX Font Info:    No math alphabet change to frozen version normal on input line 1417.
LaTeX Font Info:    No math alphabet change to frozen version normal on input line 1417.
LaTeX Font Info:    No math alphabet change to frozen version normal on input line 1417.
LaTeX Font Info:    No math alphabet change to frozen version normal on input line 1417.
LaTeX Font Info:    No math alphabet change to frozen version normal on input line 1427.
LaTeX Font Info:    No math alphabet change to frozen version normal on input line 1427.
LaTeX Font Info:    No math alphabet change to frozen version normal on input line 1427.
LaTeX Font Info:    No math alphabet change to frozen version normal on input line 1427.
LaTeX Font Info:    No math alphabet change to frozen version normal on input line 1427.
LaTeX Font Info:    No math alphabet change to frozen version normal on input line 1427.
LaTeX Font Info:    No math alphabet change to frozen version normal on input line 1427.
LaTeX Font Info:    No math alphabet change to frozen version normal on input line 1427.
LaTeX Font Info:    No math alphabet change to frozen version normal on input line 1427.
LaTeX Font Info:    No math alphabet change to frozen version normal on input line 1427.
LaTeX Font Info:    No math alphabet change to frozen version normal on input line 1427.
LaTeX Font Info:    No math alphabet change to frozen version normal on input line 1427.
LaTeX Font Info:    No math alphabet change to frozen version normal on input line 1427.
LaTeX Font Info:    No math alphabet change to frozen version normal on input line 1427.
LaTeX Font Info:    No math alphabet change to frozen version normal on input line 1427.
LaTeX Font Info:    No math alphabet change to frozen version normal on input line 1427.
LaTeX Font Info:    No math alphabet change to frozen version normal on input line 1427.
LaTeX Font Info:    No math alphabet change to frozen version normal on input line 1427.
LaTeX Font Info:    No math alphabet change to frozen version normal on input line 1427.
LaTeX Font Info:    No math alphabet change to frozen version normal on input line 1427.
LaTeX Font Info:    No math alphabet change to frozen version normal on input line 1428.
Package mdframed Info: mdframed detected package amsthm 
 changed the theorem header of amsthm
(mdframed)              on input line 1431.
LaTeX Font Info:    No math alphabet change to frozen version normal on input line 1431.
Package mdframed Info: mdframed detected package amsthm 
 changed the theorem header of amsthm
(mdframed)              on input line 1435.
LaTeX Font Info:    No math alphabet change to frozen version normal on input line 1435.
LaTeX Font Info:    No math alphabet change to frozen version normal on input line 1435.
LaTeX Font Info:    No math alphabet change to frozen version normal on input line 1435.
LaTeX Font Info:    No math alphabet change to frozen version normal on input line 1435.
LaTeX Font Info:    No math alphabet change to frozen version normal on input line 1435.
LaTeX Font Info:    No math alphabet change to frozen version normal on input line 1435.
LaTeX Font Info:    No math alphabet change to frozen version normal on input line 1435.
LaTeX Font Info:    No math alphabet change to frozen version normal on input line 1437.
LaTeX Font Info:    No math alphabet change to frozen version normal on input line 1437.
LaTeX Font Info:    No math alphabet change to frozen version normal on input line 1437.
LaTeX Font Info:    No math alphabet change to frozen version normal on input line 1440.
LaTeX Font Info:    No math alphabet change to frozen version normal on input line 1440.
LaTeX Font Info:    No math alphabet change to frozen version normal on input line 1440.
LaTeX Font Info:    No math alphabet change to frozen version normal on input line 1440.
LaTeX Font Info:    No math alphabet change to frozen version normal on input line 1440.
LaTeX Font Info:    No math alphabet change to frozen version normal on input line 1440.


LaTeX Font Info:    No math alphabet change to frozen version normal on input line 1444.
LaTeX Font Info:    No math alphabet change to frozen version normal on input line 1444.
LaTeX Font Info:    No math alphabet change to frozen version normal on input line 1444.
LaTeX Font Info:    No math alphabet change to frozen version normal on input line 1444.
LaTeX Font Info:    No math alphabet change to frozen version normal on input line 1444.
LaTeX Font Info:    No math alphabet change to frozen version normal on input line 1444.
[33]
LaTeX Font Info:    No math alphabet change to frozen version normal on input line 1447.
LaTeX Font Info:    No math alphabet change to frozen version normal on input line 1454.
LaTeX Font Info:    No math alphabet change to frozen version normal on input line 1454.
LaTeX Font Info:    No math alphabet change to frozen version normal on input line 1454.
LaTeX Font Info:    No math alphabet change to frozen version normal on input line 1454.
LaTeX Font Info:    No math alphabet change to frozen version normal on input line 1454.
LaTeX Font Info:    No math alphabet change to frozen version normal on input line 1454.
LaTeX Font Info:    No math alphabet change to frozen version normal on input line 1455.
LaTeX Font Info:    No math alphabet change to frozen version normal on input line 1455.
LaTeX Font Info:    No math alphabet change to frozen version normal on input line 1455.
LaTeX Font Info:    No math alphabet change to frozen version normal on input line 1464.
LaTeX Font Info:    No math alphabet change to frozen version normal on input line 1464.
LaTeX Font Info:    No math alphabet change to frozen version normal on input line 1464.
LaTeX Font Info:    No math alphabet change to frozen version normal on input line 1464.
LaTeX Font Info:    No math alphabet change to frozen version normal on input line 1464.
LaTeX Font Info:    No math alphabet change to frozen version normal on input line 1464.
LaTeX Font Info:    No math alphabet change to frozen version normal on input line 1464.
LaTeX Font Info:    No math alphabet change to frozen version normal on input line 1464.
LaTeX Font Info:    No math alphabet change to frozen version normal on input line 1464.
LaTeX Font Info:    No math alphabet change to frozen version normal on input line 1464.
LaTeX Font Info:    No math alphabet change to frozen version normal on input line 1464.
LaTeX Font Info:    No math alphabet change to frozen version normal on input line 1464.
LaTeX Font Info:    No math alphabet change to frozen version normal on input line 1464.
LaTeX Font Info:    No math alphabet change to frozen version normal on input line 1464.
LaTeX Font Info:    No math alphabet change to frozen version normal on input line 1464.
LaTeX Font Info:    No math alphabet change to frozen version normal on input line 1464.
LaTeX Font Info:    No math alphabet change to frozen version normal on input line 1464.
LaTeX Font Info:    No math alphabet change to frozen version normal on input line 1464.
LaTeX Font Info:    No math alphabet change to frozen version normal on input line 1464.
LaTeX Font Info:    No math alphabet change to frozen version normal on input line 1464.
LaTeX Font Info:    No math alphabet change to frozen version normal on input line 1464.
LaTeX Font Info:    No math alphabet change to frozen version normal on input line 1464.
LaTeX Font Info:    No math alphabet change to frozen version normal on input line 1464.
LaTeX Font Info:    No math alphabet change to frozen version normal on input line 1464.
LaTeX Font Info:    No math alphabet change to frozen version normal on input line 1464.
LaTeX Font Info:    No math alphabet change to frozen version normal on input line 1464.
LaTeX Font Info:    No math alphabet change to frozen version normal on input line 1464.
LaTeX Font Info:    No math alphabet change to frozen version normal on input line 1464.
LaTeX Font Info:    No math alphabet change to frozen version normal on input line 1464.
LaTeX Font Info:    No math alphabet change to frozen version normal on input line 1464.
LaTeX Font Info:    No math alphabet change to frozen version normal on input line 1467.
LaTeX Font Info:    No math alphabet change to frozen version normal on input line 1468.
LaTeX Font Info:    No math alphabet change to frozen version normal on input line 1468.
LaTeX Font Info:    No math alphabet change to frozen version normal on input line 1468.
LaTeX Font Info:    No math alphabet change to frozen version normal on input line 1468.
LaTeX Font Info:    No math alphabet change to frozen version normal on input line 1470.
LaTeX Font Info:    No math alphabet change to frozen version normal on input line 1470.
LaTeX Font Info:    No math alphabet change to frozen version normal on input line 1475.
LaTeX Font Info:    No math alphabet change to frozen version normal on input line 1475.
LaTeX Font Info:    No math alphabet change to frozen version normal on input line 1475.
LaTeX Font Info:    No math alphabet change to frozen version normal on input line 1475.
LaTeX Font Info:    No math alphabet change to frozen version normal on input line 1475.
LaTeX Font Info:    No math alphabet change to frozen version normal on input line 1475.
LaTeX Font Info:    No math alphabet change to frozen version normal on input line 1475.
LaTeX Font Info:    No math alphabet change to frozen version normal on input line 1475.
LaTeX Font Info:    No math alphabet change to frozen version normal on input line 1475.
LaTeX Font Info:    No math alphabet change to frozen version normal on input line 1475.
LaTeX Font Info:    No math alphabet change to frozen version normal on input line 1475.
LaTeX Font Info:    No math alphabet change to frozen version normal on input line 1475.
LaTeX Font Info:    No math alphabet change to frozen version normal on input line 1475.
LaTeX Font Info:    No math alphabet change to frozen version normal on input line 1475.
LaTeX Font Info:    No math alphabet change to frozen version normal on input line 1475.
LaTeX Font Info:    No math alphabet change to frozen version normal on input line 1475.
LaTeX Font Info:    No math alphabet change to frozen version normal on input line 1475.
LaTeX Font Info:    No math alphabet change to frozen version normal on input line 1475.
LaTeX Font Info:    No math alphabet change to frozen version normal on input line 1475.
LaTeX Font Info:    No math alphabet change to frozen version normal on input line 1475.
LaTeX Font Info:    No math alphabet change to frozen version normal on input line 1475.
LaTeX Font Info:    No math alphabet change to frozen version normal on input line 1475.
LaTeX Font Info:    No math alphabet change to frozen version normal on input line 1475.
LaTeX Font Info:    No math alphabet change to frozen version normal on input line 1475.
LaTeX Font Info:    No math alphabet change to frozen version normal on input line 1475.
LaTeX Font Info:    No math alphabet change to frozen version normal on input line 1475.
LaTeX Font Info:    No math alphabet change to frozen version normal on input line 1475.
LaTeX Font Info:    No math alphabet change to frozen version normal on input line 1475.
LaTeX Font Info:    No math alphabet change to frozen version normal on input line 1480.
LaTeX Font Info:    No math alphabet change to frozen version normal on input line 1480.
LaTeX Font Info:    No math alphabet change to frozen version normal on input line 1485.
LaTeX Font Info:    No math alphabet change to frozen version normal on input line 1485.
LaTeX Font Info:    No math alphabet change to frozen version normal on input line 1485.
LaTeX Font Info:    No math alphabet change to frozen version normal on input line 1485.
LaTeX Font Info:    No math alphabet change to frozen version normal on input line 1485.
LaTeX Font Info:    No math alphabet change to frozen version normal on input line 1485.
LaTeX Font Info:    No math alphabet change to frozen version normal on input line 1485.
LaTeX Font Info:    No math alphabet change to frozen version normal on input line 1485.
LaTeX Font Info:    No math alphabet change to frozen version normal on input line 1485.
LaTeX Font Info:    No math alphabet change to frozen version normal on input line 1485.
LaTeX Font Info:    No math alphabet change to frozen version normal on input line 1485.
LaTeX Font Info:    No math alphabet change to frozen version normal on input line 1485.
LaTeX Font Info:    No math alphabet change to frozen version normal on input line 1485.
LaTeX Font Info:    No math alphabet change to frozen version normal on input line 1485.
LaTeX Font Info:    No math alphabet change to frozen version normal on input line 1485.
LaTeX Font Info:    No math alphabet change to frozen version normal on input line 1485.
LaTeX Font Info:    No math alphabet change to frozen version normal on input line 1485.
LaTeX Font Info:    No math alphabet change to frozen version normal on input line 1485.
LaTeX Font Info:    No math alphabet change to frozen version normal on input line 1485.
LaTeX Font Info:    No math alphabet change to frozen version normal on input line 1485.
LaTeX Font Info:    No math alphabet change to frozen version normal on input line 1486.
LaTeX Font Info:    No math alphabet change to frozen version normal on input line 1486.
LaTeX Font Info:    No math alphabet change to frozen version normal on input line 1486.
LaTeX Font Info:    No math alphabet change to frozen version normal on input line 1486.
LaTeX Font Info:    No math alphabet change to frozen version normal on input line 1487.
LaTeX Font Info:    No math alphabet change to frozen version normal on input line 1487.
LaTeX Font Info:    No math alphabet change to frozen version normal on input line 1491.
LaTeX Font Info:    No math alphabet change to frozen version normal on input line 1491.
LaTeX Font Info:    No math alphabet change to frozen version normal on input line 1491.
LaTeX Font Info:    No math alphabet change to frozen version normal on input line 1491.
LaTeX Font Info:    No math alphabet change to frozen version normal on input line 1491.
LaTeX Font Info:    No math alphabet change to frozen version normal on input line 1491.
LaTeX Font Info:    No math alphabet change to frozen version normal on input line 1491.
LaTeX Font Info:    No math alphabet change to frozen version normal on input line 1491.
LaTeX Font Info:    No math alphabet change to frozen version normal on input line 1491.
LaTeX Font Info:    No math alphabet change to frozen version normal on input line 1491.
LaTeX Font Info:    No math alphabet change to frozen version normal on input line 1491.
LaTeX Font Info:    No math alphabet change to frozen version normal on input line 1491.
LaTeX Font Info:    No math alphabet change to frozen version normal on input line 1495.
LaTeX Font Info:    No math alphabet change to frozen version normal on input line 1495.
LaTeX Font Info:    No math alphabet change to frozen version normal on input line 1495.
LaTeX Font Info:    No math alphabet change to frozen version normal on input line 1495.
LaTeX Font Info:    No math alphabet change to frozen version normal on input line 1495.
LaTeX Font Info:    No math alphabet change to frozen version normal on input line 1495.
LaTeX Font Info:    No math alphabet change to frozen version normal on input line 1499.
LaTeX Font Info:    No math alphabet change to frozen version normal on input line 1499.
LaTeX Font Info:    No math alphabet change to frozen version normal on input line 1499.
LaTeX Font Info:    No math alphabet change to frozen version normal on input line 1499.
LaTeX Font Info:    No math alphabet change to frozen version normal on input line 1499.
LaTeX Font Info:    No math alphabet change to frozen version normal on input line 1499.
LaTeX Font Info:    No math alphabet change to frozen version normal on input line 1499.
LaTeX Font Info:    No math alphabet change to frozen version normal on input line 1499.
LaTeX Font Info:    No math alphabet change to frozen version normal on input line 1499.
LaTeX Font Info:    No math alphabet change to frozen version normal on input line 1499.
LaTeX Font Info:    No math alphabet change to frozen version normal on input line 1499.
LaTeX Font Info:    No math alphabet change to frozen version normal on input line 1499.


LaTeX Font Info:    No math alphabet change to frozen version normal on input line 1504.
LaTeX Font Info:    No math alphabet change to frozen version normal on input line 1504.
LaTeX Font Info:    No math alphabet change to frozen version normal on input line 1504.
LaTeX Font Info:    No math alphabet change to frozen version normal on input line 1504.
LaTeX Font Info:    No math alphabet change to frozen version normal on input line 1504.
LaTeX Font Info:    No math alphabet change to frozen version normal on input line 1504.
[34]
LaTeX Font Info:    No math alphabet change to frozen version normal on input line 1504.
LaTeX Font Info:    No math alphabet change to frozen version normal on input line 1504.
LaTeX Font Info:    No math alphabet change to frozen version normal on input line 1504.
LaTeX Font Info:    No math alphabet change to frozen version normal on input line 1504.
LaTeX Font Info:    No math alphabet change to frozen version normal on input line 1504.
LaTeX Font Info:    No math alphabet change to frozen version normal on input line 1509.
LaTeX Font Info:    No math alphabet change to frozen version normal on input line 1509.
LaTeX Font Info:    No math alphabet change to frozen version normal on input line 1509.
LaTeX Font Info:    No math alphabet change to frozen version normal on input line 1509.
LaTeX Font Info:    No math alphabet change to frozen version normal on input line 1509.
LaTeX Font Info:    No math alphabet change to frozen version normal on input line 1509.
LaTeX Font Info:    No math alphabet change to frozen version normal on input line 1509.
LaTeX Font Info:    No math alphabet change to frozen version normal on input line 1509.
LaTeX Font Info:    No math alphabet change to frozen version normal on input line 1509.
LaTeX Font Info:    No math alphabet change to frozen version normal on input line 1509.
LaTeX Font Info:    No math alphabet change to frozen version normal on input line 1509.
LaTeX Font Info:    No math alphabet change to frozen version normal on input line 1509.
LaTeX Font Info:    No math alphabet change to frozen version normal on input line 1509.
LaTeX Font Info:    No math alphabet change to frozen version normal on input line 1509.
LaTeX Font Info:    No math alphabet change to frozen version normal on input line 1509.
LaTeX Font Info:    No math alphabet change to frozen version normal on input line 1509.
LaTeX Font Info:    No math alphabet change to frozen version normal on input line 1510.
LaTeX Font Info:    No math alphabet change to frozen version normal on input line 1513.
LaTeX Font Info:    No math alphabet change to frozen version normal on input line 1513.
LaTeX Font Info:    No math alphabet change to frozen version normal on input line 1517.
LaTeX Font Info:    No math alphabet change to frozen version normal on input line 1517.
LaTeX Font Info:    No math alphabet change to frozen version normal on input line 1517.
LaTeX Font Info:    No math alphabet change to frozen version normal on input line 1517.
LaTeX Font Info:    No math alphabet change to frozen version normal on input line 1517.
LaTeX Font Info:    No math alphabet change to frozen version normal on input line 1517.
LaTeX Font Info:    No math alphabet change to frozen version normal on input line 1517.
LaTeX Font Info:    No math alphabet change to frozen version normal on input line 1517.
LaTeX Font Info:    No math alphabet change to frozen version normal on input line 1517.
LaTeX Font Info:    No math alphabet change to frozen version normal on input line 1517.
LaTeX Font Info:    No math alphabet change to frozen version normal on input line 1517.
LaTeX Font Info:    No math alphabet change to frozen version normal on input line 1517.
LaTeX Font Info:    No math alphabet change to frozen version normal on input line 1518.
LaTeX Font Info:    No math alphabet change to frozen version normal on input line 1521.
LaTeX Font Info:    No math alphabet change to frozen version normal on input line 1521.
LaTeX Font Info:    No math alphabet change to frozen version normal on input line 1521.
LaTeX Font Info:    No math alphabet change to frozen version normal on input line 1521.
LaTeX Font Info:    No math alphabet change to frozen version normal on input line 1521.
LaTeX Font Info:    No math alphabet change to frozen version normal on input line 1521.
LaTeX Font Info:    No math alphabet change to frozen version normal on input line 1521.
LaTeX Font Info:    No math alphabet change to frozen version normal on input line 1521.
LaTeX Font Info:    No math alphabet change to frozen version normal on input line 1521.
LaTeX Font Info:    No math alphabet change to frozen version normal on input line 1521.
LaTeX Font Info:    No math alphabet change to frozen version normal on input line 1521.
LaTeX Font Info:    No math alphabet change to frozen version normal on input line 1521.
LaTeX Font Info:    No math alphabet change to frozen version normal on input line 1522.
LaTeX Font Info:    No math alphabet change to frozen version normal on input line 1522.
LaTeX Font Info:    No math alphabet change to frozen version normal on input line 1526.
LaTeX Font Info:    No math alphabet change to frozen version normal on input line 1526.
LaTeX Font Info:    No math alphabet change to frozen version normal on input line 1526.
LaTeX Font Info:    No math alphabet change to frozen version normal on input line 1526.
LaTeX Font Info:    No math alphabet change to frozen version normal on input line 1526.
LaTeX Font Info:    No math alphabet change to frozen version normal on input line 1526.
LaTeX Font Info:    No math alphabet change to frozen version normal on input line 1526.
LaTeX Font Info:    No math alphabet change to frozen version normal on input line 1526.
LaTeX Font Info:    No math alphabet change to frozen version normal on input line 1526.
LaTeX Font Info:    No math alphabet change to frozen version normal on input line 1526.
LaTeX Font Info:    No math alphabet change to frozen version normal on input line 1526.
LaTeX Font Info:    No math alphabet change to frozen version normal on input line 1526.
LaTeX Font Info:    No math alphabet change to frozen version normal on input line 1530.
LaTeX Font Info:    No math alphabet change to frozen version normal on input line 1530.
LaTeX Font Info:    No math alphabet change to frozen version normal on input line 1530.
LaTeX Font Info:    No math alphabet change to frozen version normal on input line 1530.
LaTeX Font Info:    No math alphabet change to frozen version normal on input line 1530.
LaTeX Font Info:    No math alphabet change to frozen version normal on input line 1530.
LaTeX Font Info:    No math alphabet change to frozen version normal on input line 1534.
LaTeX Font Info:    No math alphabet change to frozen version normal on input line 1534.
LaTeX Font Info:    No math alphabet change to frozen version normal on input line 1534.
LaTeX Font Info:    No math alphabet change to frozen version normal on input line 1534.
LaTeX Font Info:    No math alphabet change to frozen version normal on input line 1534.
LaTeX Font Info:    No math alphabet change to frozen version normal on input line 1534.
LaTeX Font Info:    No math alphabet change to frozen version normal on input line 1534.
LaTeX Font Info:    No math alphabet change to frozen version normal on input line 1534.
LaTeX Font Info:    No math alphabet change to frozen version normal on input line 1534.
LaTeX Font Info:    No math alphabet change to frozen version normal on input line 1534.
LaTeX Font Info:    No math alphabet change to frozen version normal on input line 1534.
LaTeX Font Info:    No math alphabet change to frozen version normal on input line 1534.
LaTeX Font Info:    No math alphabet change to frozen version normal on input line 1539.
LaTeX Font Info:    No math alphabet change to frozen version normal on input line 1539.
LaTeX Font Info:    No math alphabet change to frozen version normal on input line 1539.
LaTeX Font Info:    No math alphabet change to frozen version normal on input line 1539.
LaTeX Font Info:    No math alphabet change to frozen version normal on input line 1542.
LaTeX Font Info:    No math alphabet change to frozen version normal on input line 1542.
LaTeX Font Info:    No math alphabet change to frozen version normal on input line 1542.
LaTeX Font Info:    No math alphabet change to frozen version normal on input line 1545.
LaTeX Font Info:    No math alphabet change to frozen version normal on input line 1545.
LaTeX Font Info:    No math alphabet change to frozen version normal on input line 1545.
LaTeX Font Info:    No math alphabet change to frozen version normal on input line 1545.
LaTeX Font Info:    No math alphabet change to frozen version normal on input line 1545.
LaTeX Font Info:    No math alphabet change to frozen version normal on input line 1545.
LaTeX Font Info:    No math alphabet change to frozen version normal on input line 1546.
Package mdframed Info: mdframed detected package amsthm 
 changed the theorem header of amsthm
(mdframed)              on input line 1550.
LaTeX Font Info:    No math alphabet change to frozen version normal on input line 1553.
LaTeX Font Info:    No math alphabet change to frozen version normal on input line 1553.
LaTeX Font Info:    No math alphabet change to frozen version normal on input line 1553.
LaTeX Font Info:    No math alphabet change to frozen version normal on input line 1553.
LaTeX Font Info:    No math alphabet change to frozen version normal on input line 1553.
LaTeX Font Info:    No math alphabet change to frozen version normal on input line 1553.
LaTeX Font Info:    No math alphabet change to frozen version normal on input line 1554.
LaTeX Font Info:    No math alphabet change to frozen version normal on input line 1554.


LaTeX Font Info:    No math alphabet change to frozen version normal on input line 1555.
LaTeX Font Info:    No math alphabet change to frozen version normal on input line 1555.
LaTeX Font Info:    No math alphabet change to frozen version normal on input line 1555.
LaTeX Font Info:    No math alphabet change to frozen version normal on input line 1555.
LaTeX Font Info:    No math alphabet change to frozen version normal on input line 1555.
LaTeX Font Info:    No math alphabet change to frozen version normal on input line 1555.
[35]
Package mdframed Info: Not enough space on this page on input line 1555.
Package mdframed Info: mdframed detected package amsthm 
 changed the theorem header of amsthm
(mdframed)              on input line 1558.
LaTeX Font Info:    No math alphabet change to frozen version normal on input line 1558.
LaTeX Font Info:    No math alphabet change to frozen version normal on input line 1562.
LaTeX Font Info:    No math alphabet change to frozen version normal on input line 1562.
LaTeX Font Info:    No math alphabet change to frozen version normal on input line 1562.
LaTeX Font Info:    No math alphabet change to frozen version normal on input line 1562.
LaTeX Font Info:    No math alphabet change to frozen version normal on input line 1564.
LaTeX Font Info:    No math alphabet change to frozen version normal on input line 1564.
LaTeX Font Info:    No math alphabet change to frozen version normal on input line 1564.
LaTeX Font Info:    No math alphabet change to frozen version normal on input line 1564.
LaTeX Font Info:    No math alphabet change to frozen version normal on input line 1567.
LaTeX Font Info:    No math alphabet change to frozen version normal on input line 1567.
LaTeX Font Info:    No math alphabet change to frozen version normal on input line 1567.
LaTeX Font Info:    No math alphabet change to frozen version normal on input line 1567.
LaTeX Font Info:    No math alphabet change to frozen version normal on input line 1567.
LaTeX Font Info:    No math alphabet change to frozen version normal on input line 1567.
LaTeX Font Info:    No math alphabet change to frozen version normal on input line 1567.
LaTeX Font Info:    No math alphabet change to frozen version normal on input line 1567.
LaTeX Font Info:    No math alphabet change to frozen version normal on input line 1568.
LaTeX Font Info:    No math alphabet change to frozen version normal on input line 1568.
LaTeX Font Info:    No math alphabet change to frozen version normal on input line 1568.
LaTeX Font Info:    No math alphabet change to frozen version normal on input line 1569.
Package mdframed Info: mdframed detected package amsthm 
 changed the theorem header of amsthm
(mdframed)              on input line 1572.
LaTeX Font Info:    No math alphabet change to frozen version normal on input line 1572.
LaTeX Font Info:    No math alphabet change to frozen version normal on input line 1572.
LaTeX Font Info:    No math alphabet change to frozen version normal on input line 1572.
LaTeX Font Info:    No math alphabet change to frozen version normal on input line 1572.
LaTeX Font Info:    No math alphabet change to frozen version normal on input line 1575.
LaTeX Font Info:    No math alphabet change to frozen version normal on input line 1575.
LaTeX Font Info:    No math alphabet change to frozen version normal on input line 1575.
LaTeX Font Info:    No math alphabet change to frozen version normal on input line 1575.
LaTeX Font Info:    No math alphabet change to frozen version normal on input line 1575.
LaTeX Font Info:    No math alphabet change to frozen version normal on input line 1575.
LaTeX Font Info:    No math alphabet change to frozen version normal on input line 1582.
LaTeX Font Info:    No math alphabet change to frozen version normal on input line 1582.
LaTeX Font Info:    No math alphabet change to frozen version normal on input line 1582.
LaTeX Font Info:    No math alphabet change to frozen version normal on input line 1582.
LaTeX Font Info:    No math alphabet change to frozen version normal on input line 1582.
LaTeX Font Info:    No math alphabet change to frozen version normal on input line 1582.
LaTeX Font Info:    No math alphabet change to frozen version normal on input line 1584.
Package mdframed Info: mdframed detected package amsthm 
 changed the theorem header of amsthm
(mdframed)              on input line 1587.
LaTeX Font Info:    No math alphabet change to frozen version normal on input line 1589.
LaTeX Font Info:    No math alphabet change to frozen version normal on input line 1593.
LaTeX Font Info:    No math alphabet change to frozen version normal on input line 1593.
LaTeX Font Info:    No math alphabet change to frozen version normal on input line 1593.
LaTeX Font Info:    No math alphabet change to frozen version normal on input line 1593.
LaTeX Font Info:    No math alphabet change to frozen version normal on input line 1593.
LaTeX Font Info:    No math alphabet change to frozen version normal on input line 1593.
LaTeX Font Info:    No math alphabet change to frozen version normal on input line 1593.
LaTeX Font Info:    No math alphabet change to frozen version normal on input line 1593.
LaTeX Font Info:    No math alphabet change to frozen version normal on input line 1593.
LaTeX Font Info:    No math alphabet change to frozen version normal on input line 1593.
LaTeX Font Info:    No math alphabet change to frozen version normal on input line 1593.
LaTeX Font Info:    No math alphabet change to frozen version normal on input line 1593.
LaTeX Font Info:    No math alphabet change to frozen version normal on input line 1594.
LaTeX Font Info:    No math alphabet change to frozen version normal on input line 1598.
LaTeX Font Info:    No math alphabet change to frozen version normal on input line 1598.
LaTeX Font Info:    No math alphabet change to frozen version normal on input line 1598.
LaTeX Font Info:    No math alphabet change to frozen version normal on input line 1598.
LaTeX Font Info:    No math alphabet change to frozen version normal on input line 1598.
LaTeX Font Info:    No math alphabet change to frozen version normal on input line 1598.
LaTeX Font Info:    No math alphabet change to frozen version normal on input line 1598.
LaTeX Font Info:    No math alphabet change to frozen version normal on input line 1598.
LaTeX Font Info:    No math alphabet change to frozen version normal on input line 1598.
LaTeX Font Info:    No math alphabet change to frozen version normal on input line 1598.
LaTeX Font Info:    No math alphabet change to frozen version normal on input line 1598.
LaTeX Font Info:    No math alphabet change to frozen version normal on input line 1598.
LaTeX Font Info:    No math alphabet change to frozen version normal on input line 1599.
LaTeX Font Info:    No math alphabet change to frozen version normal on input line 1603.
LaTeX Font Info:    No math alphabet change to frozen version normal on input line 1603.
LaTeX Font Info:    No math alphabet change to frozen version normal on input line 1603.
LaTeX Font Info:    No math alphabet change to frozen version normal on input line 1603.
LaTeX Font Info:    No math alphabet change to frozen version normal on input line 1603.
LaTeX Font Info:    No math alphabet change to frozen version normal on input line 1603.
LaTeX Font Info:    No math alphabet change to frozen version normal on input line 1603.
LaTeX Font Info:    No math alphabet change to frozen version normal on input line 1603.
LaTeX Font Info:    No math alphabet change to frozen version normal on input line 1603.
LaTeX Font Info:    No math alphabet change to frozen version normal on input line 1603.
LaTeX Font Info:    No math alphabet change to frozen version normal on input line 1603.
LaTeX Font Info:    No math alphabet change to frozen version normal on input line 1603.


LaTeX Font Info:    No math alphabet change to frozen version normal on input line 1605.
LaTeX Font Info:    No math alphabet change to frozen version normal on input line 1605.
LaTeX Font Info:    No math alphabet change to frozen version normal on input line 1605.
LaTeX Font Info:    No math alphabet change to frozen version normal on input line 1605.
LaTeX Font Info:    No math alphabet change to frozen version normal on input line 1605.
LaTeX Font Info:    No math alphabet change to frozen version normal on input line 1605.
[36]
Package mdframed Info: mdframed detected package amsthm 
 changed the theorem header of amsthm
(mdframed)              on input line 1608.
LaTeX Font Info:    No math alphabet change to frozen version normal on input line 1608.
LaTeX Font Info:    No math alphabet change to frozen version normal on input line 1608.
LaTeX Font Info:    No math alphabet change to frozen version normal on input line 1608.
LaTeX Font Info:    No math alphabet change to frozen version normal on input line 1612.
LaTeX Font Info:    No math alphabet change to frozen version normal on input line 1612.
LaTeX Font Info:    No math alphabet change to frozen version normal on input line 1612.
LaTeX Font Info:    No math alphabet change to frozen version normal on input line 1612.
LaTeX Font Info:    No math alphabet change to frozen version normal on input line 1612.
LaTeX Font Info:    No math alphabet change to frozen version normal on input line 1612.
LaTeX Font Info:    No math alphabet change to frozen version normal on input line 1612.
LaTeX Font Info:    No math alphabet change to frozen version normal on input line 1612.
LaTeX Font Info:    No math alphabet change to frozen version normal on input line 1612.
LaTeX Font Info:    No math alphabet change to frozen version normal on input line 1612.
LaTeX Font Info:    No math alphabet change to frozen version normal on input line 1612.
LaTeX Font Info:    No math alphabet change to frozen version normal on input line 1612.
LaTeX Font Info:    No math alphabet change to frozen version normal on input line 1613.
LaTeX Font Info:    No math alphabet change to frozen version normal on input line 1615.
LaTeX Font Info:    No math alphabet change to frozen version normal on input line 1615.
LaTeX Font Info:    No math alphabet change to frozen version normal on input line 1615.
LaTeX Font Info:    No math alphabet change to frozen version normal on input line 1618.
LaTeX Font Info:    No math alphabet change to frozen version normal on input line 1618.
LaTeX Font Info:    No math alphabet change to frozen version normal on input line 1618.
LaTeX Font Info:    No math alphabet change to frozen version normal on input line 1618.
LaTeX Font Info:    No math alphabet change to frozen version normal on input line 1618.
LaTeX Font Info:    No math alphabet change to frozen version normal on input line 1618.
LaTeX Font Info:    No math alphabet change to frozen version normal on input line 1619.
LaTeX Font Info:    No math alphabet change to frozen version normal on input line 1625.
LaTeX Font Info:    No math alphabet change to frozen version normal on input line 1625.
LaTeX Font Info:    No math alphabet change to frozen version normal on input line 1625.
LaTeX Font Info:    No math alphabet change to frozen version normal on input line 1625.
LaTeX Font Info:    No math alphabet change to frozen version normal on input line 1625.
LaTeX Font Info:    No math alphabet change to frozen version normal on input line 1625.
Package mdframed Info: mdframed detected package amsthm 
 changed the theorem header of amsthm
(mdframed)              on input line 1628.
LaTeX Font Info:    No math alphabet change to frozen version normal on input line 1628.
LaTeX Font Info:    No math alphabet change to frozen version normal on input line 1628.
LaTeX Font Info:    No math alphabet change to frozen version normal on input line 1631.
LaTeX Font Info:    No math alphabet change to frozen version normal on input line 1631.
LaTeX Font Info:    No math alphabet change to frozen version normal on input line 1631.
LaTeX Font Info:    No math alphabet change to frozen version normal on input line 1631.
LaTeX Font Info:    No math alphabet change to frozen version normal on input line 1631.
LaTeX Font Info:    No math alphabet change to frozen version normal on input line 1631.
LaTeX Font Info:    No math alphabet change to frozen version normal on input line 1636.
LaTeX Font Info:    No math alphabet change to frozen version normal on input line 1636.
LaTeX Font Info:    No math alphabet change to frozen version normal on input line 1639.
LaTeX Font Info:    No math alphabet change to frozen version normal on input line 1639.
LaTeX Font Info:    No math alphabet change to frozen version normal on input line 1639.
LaTeX Font Info:    No math alphabet change to frozen version normal on input line 1639.
LaTeX Font Info:    No math alphabet change to frozen version normal on input line 1639.


LaTeX Font Info:    No math alphabet change to frozen version normal on input line 1639.
LaTeX Font Info:    No math alphabet change to frozen version normal on input line 1639.
LaTeX Font Info:    No math alphabet change to frozen version normal on input line 1639.
LaTeX Font Info:    No math alphabet change to frozen version normal on input line 1639.
LaTeX Font Info:    No math alphabet change to frozen version normal on input line 1639.
LaTeX Font Info:    No math alphabet change to frozen version normal on input line 1639.
[37]
LaTeX Font Info:    No math alphabet change to frozen version normal on input line 1639.
LaTeX Font Info:    No math alphabet change to frozen version normal on input line 1640.
LaTeX Font Info:    No math alphabet change to frozen version normal on input line 1640.
LaTeX Font Info:    No math alphabet change to frozen version normal on input line 1640.
LaTeX Font Info:    No math alphabet change to frozen version normal on input line 1642.
LaTeX Font Info:    No math alphabet change to frozen version normal on input line 1642.
LaTeX Font Info:    No math alphabet change to frozen version normal on input line 1645.
LaTeX Font Info:    No math alphabet change to frozen version normal on input line 1645.
LaTeX Font Info:    No math alphabet change to frozen version normal on input line 1645.
LaTeX Font Info:    No math alphabet change to frozen version normal on input line 1645.
LaTeX Font Info:    No math alphabet change to frozen version normal on input line 1645.
LaTeX Font Info:    No math alphabet change to frozen version normal on input line 1645.
LaTeX Font Info:    No math alphabet change to frozen version normal on input line 1646.
LaTeX Font Info:    No math alphabet change to frozen version normal on input line 1649.
LaTeX Font Info:    No math alphabet change to frozen version normal on input line 1649.
LaTeX Font Info:    No math alphabet change to frozen version normal on input line 1649.
LaTeX Font Info:    No math alphabet change to frozen version normal on input line 1649.
LaTeX Font Info:    No math alphabet change to frozen version normal on input line 1649.
LaTeX Font Info:    No math alphabet change to frozen version normal on input line 1649.
LaTeX Font Info:    No math alphabet change to frozen version normal on input line 1650.
LaTeX Font Info:    No math alphabet change to frozen version normal on input line 1650.
LaTeX Font Info:    No math alphabet change to frozen version normal on input line 1650.
LaTeX Font Info:    No math alphabet change to frozen version normal on input line 1653.
LaTeX Font Info:    No math alphabet change to frozen version normal on input line 1653.
LaTeX Font Info:    No math alphabet change to frozen version normal on input line 1653.
LaTeX Font Info:    No math alphabet change to frozen version normal on input line 1653.
LaTeX Font Info:    No math alphabet change to frozen version normal on input line 1653.
LaTeX Font Info:    No math alphabet change to frozen version normal on input line 1653.
LaTeX Font Info:    No math alphabet change to frozen version normal on input line 1657.
LaTeX Font Info:    No math alphabet change to frozen version normal on input line 1657.
LaTeX Font Info:    No math alphabet change to frozen version normal on input line 1657.
LaTeX Font Info:    No math alphabet change to frozen version normal on input line 1657.
LaTeX Font Info:    No math alphabet change to frozen version normal on input line 1657.
LaTeX Font Info:    No math alphabet change to frozen version normal on input line 1657.
LaTeX Font Info:    No math alphabet change to frozen version normal on input line 1660.
Package mdframed Info: mdframed detected package amsthm 
 changed the theorem header of amsthm
(mdframed)              on input line 1663.
LaTeX Font Info:    No math alphabet change to frozen version normal on input line 1663.
LaTeX Font Info:    No math alphabet change to frozen version normal on input line 1663.
LaTeX Font Info:    No math alphabet change to frozen version normal on input line 1666.
LaTeX Font Info:    No math alphabet change to frozen version normal on input line 1666.
LaTeX Font Info:    No math alphabet change to frozen version normal on input line 1666.
LaTeX Font Info:    No math alphabet change to frozen version normal on input line 1666.
LaTeX Font Info:    No math alphabet change to frozen version normal on input line 1666.
LaTeX Font Info:    No math alphabet change to frozen version normal on input line 1666.
Package mdframed Info: mdframed detected package amsthm 
 changed the theorem header of amsthm
(mdframed)              on input line 1670.
LaTeX Font Info:    No math alphabet change to frozen version normal on input line 1670.
LaTeX Font Info:    No math alphabet change to frozen version normal on input line 1670.
LaTeX Font Info:    No math alphabet change to frozen version normal on input line 1673.
LaTeX Font Info:    No math alphabet change to frozen version normal on input line 1673.
LaTeX Font Info:    No math alphabet change to frozen version normal on input line 1673.
LaTeX Font Info:    No math alphabet change to frozen version normal on input line 1673.
LaTeX Font Info:    No math alphabet change to frozen version normal on input line 1673.
LaTeX Font Info:    No math alphabet change to frozen version normal on input line 1673.
Package mdframed Info: mdframed detected package amsthm 
 changed the theorem header of amsthm
(mdframed)              on input line 1677.
LaTeX Font Info:    No math alphabet change to frozen version normal on input line 1677.
LaTeX Font Info:    No math alphabet change to frozen version normal on input line 1677.
LaTeX Font Info:    No math alphabet change to frozen version normal on input line 1680.
LaTeX Font Info:    No math alphabet change to frozen version normal on input line 1680.
LaTeX Font Info:    No math alphabet change to frozen version normal on input line 1680.
LaTeX Font Info:    No math alphabet change to frozen version normal on input line 1680.
LaTeX Font Info:    No math alphabet change to frozen version normal on input line 1680.
LaTeX Font Info:    No math alphabet change to frozen version normal on input line 1680.
Package mdframed Info: mdframed detected package amsthm 
 changed the theorem header of amsthm
(mdframed)              on input line 1684.
Package mdframed Info: Not enough space on this page on input line 1685.


LaTeX Font Info:    No math alphabet change to frozen version normal on input line 1685.
LaTeX Font Info:    No math alphabet change to frozen version normal on input line 1685.
LaTeX Font Info:    No math alphabet change to frozen version normal on input line 1685.
LaTeX Font Info:    No math alphabet change to frozen version normal on input line 1685.
LaTeX Font Info:    No math alphabet change to frozen version normal on input line 1685.
LaTeX Font Info:    No math alphabet change to frozen version normal on input line 1685.
[38]
Package mdframed Info: Not enough space on this page on input line 1685.
LaTeX Font Info:    No math alphabet change to frozen version normal on input line 1689.
LaTeX Font Info:    No math alphabet change to frozen version normal on input line 1689.
LaTeX Font Info:    No math alphabet change to frozen version normal on input line 1689.
LaTeX Font Info:    No math alphabet change to frozen version normal on input line 1692.
LaTeX Font Info:    No math alphabet change to frozen version normal on input line 1692.
LaTeX Font Info:    No math alphabet change to frozen version normal on input line 1692.
LaTeX Font Info:    No math alphabet change to frozen version normal on input line 1692.
LaTeX Font Info:    No math alphabet change to frozen version normal on input line 1692.
LaTeX Font Info:    No math alphabet change to frozen version normal on input line 1692.
LaTeX Font Info:    No math alphabet change to frozen version normal on input line 1696.
LaTeX Font Info:    No math alphabet change to frozen version normal on input line 1696.
LaTeX Font Info:    No math alphabet change to frozen version normal on input line 1696.
LaTeX Font Info:    No math alphabet change to frozen version normal on input line 1696.
LaTeX Font Info:    No math alphabet change to frozen version normal on input line 1696.
LaTeX Font Info:    No math alphabet change to frozen version normal on input line 1696.
LaTeX Font Info:    No math alphabet change to frozen version normal on input line 1697.
LaTeX Font Info:    No math alphabet change to frozen version normal on input line 1700.
LaTeX Font Info:    No math alphabet change to frozen version normal on input line 1700.
LaTeX Font Info:    No math alphabet change to frozen version normal on input line 1700.
LaTeX Font Info:    No math alphabet change to frozen version normal on input line 1700.
LaTeX Font Info:    No math alphabet change to frozen version normal on input line 1700.
LaTeX Font Info:    No math alphabet change to frozen version normal on input line 1700.
Package mdframed Info: mdframed detected package amsthm 
 changed the theorem header of amsthm
(mdframed)              on input line 1703.
LaTeX Font Info:    No math alphabet change to frozen version normal on input line 1703.
LaTeX Font Info:    No math alphabet change to frozen version normal on input line 1703.
LaTeX Font Info:    No math alphabet change to frozen version normal on input line 1703.
LaTeX Font Info:    No math alphabet change to frozen version normal on input line 1703.
LaTeX Font Info:    No math alphabet change to frozen version normal on input line 1706.
LaTeX Font Info:    No math alphabet change to frozen version normal on input line 1706.
LaTeX Font Info:    No math alphabet change to frozen version normal on input line 1706.
LaTeX Font Info:    No math alphabet change to frozen version normal on input line 1706.
LaTeX Font Info:    No math alphabet change to frozen version normal on input line 1706.
LaTeX Font Info:    No math alphabet change to frozen version normal on input line 1706.
LaTeX Font Info:    No math alphabet change to frozen version normal on input line 1718.
LaTeX Font Info:    No math alphabet change to frozen version normal on input line 1718.
LaTeX Font Info:    No math alphabet change to frozen version normal on input line 1718.
LaTeX Font Info:    No math alphabet change to frozen version normal on input line 1718.
LaTeX Font Info:    No math alphabet change to frozen version normal on input line 1718.
LaTeX Font Info:    No math alphabet change to frozen version normal on input line 1718.
LaTeX Font Info:    No math alphabet change to frozen version normal on input line 1718.
LaTeX Font Info:    No math alphabet change to frozen version normal on input line 1718.
LaTeX Font Info:    No math alphabet change to frozen version normal on input line 1718.
LaTeX Font Info:    No math alphabet change to frozen version normal on input line 1718.
LaTeX Font Info:    No math alphabet change to frozen version normal on input line 1718.
LaTeX Font Info:    No math alphabet change to frozen version normal on input line 1718.
LaTeX Font Info:    No math alphabet change to frozen version normal on input line 1718.
LaTeX Font Info:    No math alphabet change to frozen version normal on input line 1718.
LaTeX Font Info:    No math alphabet change to frozen version normal on input line 1718.
LaTeX Font Info:    No math alphabet change to frozen version normal on input line 1718.
LaTeX Font Info:    No math alphabet change to frozen version normal on input line 1718.
LaTeX Font Info:    No math alphabet change to frozen version normal on input line 1718.
LaTeX Font Info:    No math alphabet change to frozen version normal on input line 1718.
LaTeX Font Info:    No math alphabet change to frozen version normal on input line 1718.
LaTeX Font Info:    No math alphabet change to frozen version normal on input line 1718.
LaTeX Font Info:    No math alphabet change to frozen version normal on input line 1718.
LaTeX Font Info:    No math alphabet change to frozen version normal on input line 1718.
LaTeX Font Info:    No math alphabet change to frozen version normal on input line 1718.
LaTeX Font Info:    No math alphabet change to frozen version normal on input line 1718.
LaTeX Font Info:    No math alphabet change to frozen version normal on input line 1718.
LaTeX Font Info:    No math alphabet change to frozen version normal on input line 1718.
LaTeX Font Info:    No math alphabet change to frozen version normal on input line 1718.
LaTeX Font Info:    No math alphabet change to frozen version normal on input line 1719.
LaTeX Font Info:    No math alphabet change to frozen version normal on input line 1725.
LaTeX Font Info:    No math alphabet change to frozen version normal on input line 1725.
LaTeX Font Info:    No math alphabet change to frozen version normal on input line 1725.
LaTeX Font Info:    No math alphabet change to frozen version normal on input line 1725.
LaTeX Font Info:    No math alphabet change to frozen version normal on input line 1725.
LaTeX Font Info:    No math alphabet change to frozen version normal on input line 1725.
LaTeX Font Info:    No math alphabet change to frozen version normal on input line 1731.
LaTeX Font Info:    No math alphabet change to frozen version normal on input line 1731.
LaTeX Font Info:    No math alphabet change to frozen version normal on input line 1731.
LaTeX Font Info:    No math alphabet change to frozen version normal on input line 1731.
LaTeX Font Info:    No math alphabet change to frozen version normal on input line 1731.
LaTeX Font Info:    No math alphabet change to frozen version normal on input line 1731.
LaTeX Font Info:    No math alphabet change to frozen version normal on input line 1731.
LaTeX Font Info:    No math alphabet change to frozen version normal on input line 1731.
LaTeX Font Info:    No math alphabet change to frozen version normal on input line 1731.
LaTeX Font Info:    No math alphabet change to frozen version normal on input line 1731.
LaTeX Font Info:    No math alphabet change to frozen version normal on input line 1731.
LaTeX Font Info:    No math alphabet change to frozen version normal on input line 1731.
LaTeX Font Info:    No math alphabet change to frozen version normal on input line 1731.
LaTeX Font Info:    No math alphabet change to frozen version normal on input line 1731.
LaTeX Font Info:    No math alphabet change to frozen version normal on input line 1731.
LaTeX Font Info:    No math alphabet change to frozen version normal on input line 1731.
LaTeX Font Info:    No math alphabet change to frozen version normal on input line 1736.
LaTeX Font Info:    No math alphabet change to frozen version normal on input line 1736.
LaTeX Font Info:    No math alphabet change to frozen version normal on input line 1736.
LaTeX Font Info:    No math alphabet change to frozen version normal on input line 1736.
LaTeX Font Info:    No math alphabet change to frozen version normal on input line 1736.
LaTeX Font Info:    No math alphabet change to frozen version normal on input line 1736.
LaTeX Font Info:    No math alphabet change to frozen version normal on input line 1736.
LaTeX Font Info:    No math alphabet change to frozen version normal on input line 1736.
LaTeX Font Info:    No math alphabet change to frozen version normal on input line 1736.
LaTeX Font Info:    No math alphabet change to frozen version normal on input line 1736.
LaTeX Font Info:    No math alphabet change to frozen version normal on input line 1736.


LaTeX Font Info:    No math alphabet change to frozen version normal on input line 1736.
LaTeX Font Info:    No math alphabet change to frozen version normal on input line 1736.
LaTeX Font Info:    No math alphabet change to frozen version normal on input line 1736.
LaTeX Font Info:    No math alphabet change to frozen version normal on input line 1736.
LaTeX Font Info:    No math alphabet change to frozen version normal on input line 1736.
LaTeX Font Info:    No math alphabet change to frozen version normal on input line 1736.
[39]
LaTeX Font Info:    No math alphabet change to frozen version normal on input line 1736.
LaTeX Font Info:    No math alphabet change to frozen version normal on input line 1737.
Package mdframed Info: mdframed detected package amsthm 
 changed the theorem header of amsthm
(mdframed)              on input line 1740.
LaTeX Font Info:    No math alphabet change to frozen version normal on input line 1744.
LaTeX Font Info:    No math alphabet change to frozen version normal on input line 1744.
LaTeX Font Info:    No math alphabet change to frozen version normal on input line 1744.
LaTeX Font Info:    No math alphabet change to frozen version normal on input line 1744.
LaTeX Font Info:    No math alphabet change to frozen version normal on input line 1744.
LaTeX Font Info:    No math alphabet change to frozen version normal on input line 1744.
LaTeX Font Info:    No math alphabet change to frozen version normal on input line 1744.
LaTeX Font Info:    No math alphabet change to frozen version normal on input line 1744.
LaTeX Font Info:    No math alphabet change to frozen version normal on input line 1744.
LaTeX Font Info:    No math alphabet change to frozen version normal on input line 1744.
LaTeX Font Info:    No math alphabet change to frozen version normal on input line 1744.
LaTeX Font Info:    No math alphabet change to frozen version normal on input line 1744.
LaTeX Font Info:    No math alphabet change to frozen version normal on input line 1753.
LaTeX Font Info:    No math alphabet change to frozen version normal on input line 1753.
LaTeX Font Info:    No math alphabet change to frozen version normal on input line 1753.
LaTeX Font Info:    No math alphabet change to frozen version normal on input line 1753.
LaTeX Font Info:    No math alphabet change to frozen version normal on input line 1753.
LaTeX Font Info:    No math alphabet change to frozen version normal on input line 1753.
LaTeX Font Info:    No math alphabet change to frozen version normal on input line 1753.
LaTeX Font Info:    No math alphabet change to frozen version normal on input line 1753.
LaTeX Font Info:    No math alphabet change to frozen version normal on input line 1753.
LaTeX Font Info:    No math alphabet change to frozen version normal on input line 1753.
LaTeX Font Info:    No math alphabet change to frozen version normal on input line 1753.
LaTeX Font Info:    No math alphabet change to frozen version normal on input line 1753.
LaTeX Font Info:    No math alphabet change to frozen version normal on input line 1753.
LaTeX Font Info:    No math alphabet change to frozen version normal on input line 1753.
LaTeX Font Info:    No math alphabet change to frozen version normal on input line 1753.
LaTeX Font Info:    No math alphabet change to frozen version normal on input line 1753.
LaTeX Font Info:    No math alphabet change to frozen version normal on input line 1754.
LaTeX Font Info:    No math alphabet change to frozen version normal on input line 1754.
LaTeX Font Info:    No math alphabet change to frozen version normal on input line 1757.
LaTeX Font Info:    No math alphabet change to frozen version normal on input line 1757.
LaTeX Font Info:    No math alphabet change to frozen version normal on input line 1757.
LaTeX Font Info:    No math alphabet change to frozen version normal on input line 1757.
LaTeX Font Info:    No math alphabet change to frozen version normal on input line 1757.
LaTeX Font Info:    No math alphabet change to frozen version normal on input line 1757.
LaTeX Font Info:    No math alphabet change to frozen version normal on input line 1761.
LaTeX Font Info:    No math alphabet change to frozen version normal on input line 1765.
LaTeX Font Info:    No math alphabet change to frozen version normal on input line 1765.
LaTeX Font Info:    No math alphabet change to frozen version normal on input line 1765.
LaTeX Font Info:    No math alphabet change to frozen version normal on input line 1767.
LaTeX Font Info:    No math alphabet change to frozen version normal on input line 1767.
LaTeX Font Info:    No math alphabet change to frozen version normal on input line 1767.
LaTeX Font Info:    No math alphabet change to frozen version normal on input line 1767.
LaTeX Font Info:    No math alphabet change to frozen version normal on input line 1767.
LaTeX Font Info:    No math alphabet change to frozen version normal on input line 1767.
LaTeX Font Info:    No math alphabet change to frozen version normal on input line 1767.
LaTeX Font Info:    No math alphabet change to frozen version normal on input line 1767.
LaTeX Font Info:    No math alphabet change to frozen version normal on input line 1773.
LaTeX Font Info:    No math alphabet change to frozen version normal on input line 1773.
LaTeX Font Info:    No math alphabet change to frozen version normal on input line 1773.
LaTeX Font Info:    No math alphabet change to frozen version normal on input line 1773.
LaTeX Font Info:    No math alphabet change to frozen version normal on input line 1773.
LaTeX Font Info:    No math alphabet change to frozen version normal on input line 1773.
LaTeX Font Info:    No math alphabet change to frozen version normal on input line 1773.
LaTeX Font Info:    No math alphabet change to frozen version normal on input line 1773.
LaTeX Font Info:    No math alphabet change to frozen version normal on input line 1773.
LaTeX Font Info:    No math alphabet change to frozen version normal on input line 1773.
LaTeX Font Info:    No math alphabet change to frozen version normal on input line 1773.
LaTeX Font Info:    No math alphabet change to frozen version normal on input line 1773.
LaTeX Font Info:    No math alphabet change to frozen version normal on input line 1773.
LaTeX Font Info:    No math alphabet change to frozen version normal on input line 1773.
LaTeX Font Info:    No math alphabet change to frozen version normal on input line 1773.
LaTeX Font Info:    No math alphabet change to frozen version normal on input line 1773.
LaTeX Font Info:    No math alphabet change to frozen version normal on input line 1773.
LaTeX Font Info:    No math alphabet change to frozen version normal on input line 1773.
LaTeX Font Info:    No math alphabet change to frozen version normal on input line 1773.
LaTeX Font Info:    No math alphabet change to frozen version normal on input line 1773.
LaTeX Font Info:    No math alphabet change to frozen version normal on input line 1773.
LaTeX Font Info:    No math alphabet change to frozen version normal on input line 1773.
LaTeX Font Info:    No math alphabet change to frozen version normal on input line 1773.
LaTeX Font Info:    No math alphabet change to frozen version normal on input line 1773.
LaTeX Font Info:    No math alphabet change to frozen version normal on input line 1773.
LaTeX Font Info:    No math alphabet change to frozen version normal on input line 1773.
Package mdframed Info: mdframed detected package amsthm 
 changed the theorem header of amsthm
(mdframed)              on input line 1776.
LaTeX Font Info:    No math alphabet change to frozen version normal on input line 1780.
LaTeX Font Info:    No math alphabet change to frozen version normal on input line 1780.
LaTeX Font Info:    No math alphabet change to frozen version normal on input line 1780.
LaTeX Font Info:    No math alphabet change to frozen version normal on input line 1780.
LaTeX Font Info:    No math alphabet change to frozen version normal on input line 1780.
LaTeX Font Info:    No math alphabet change to frozen version normal on input line 1780.
LaTeX Font Info:    No math alphabet change to frozen version normal on input line 1784.
LaTeX Font Info:    No math alphabet change to frozen version normal on input line 1789.
LaTeX Font Info:    No math alphabet change to frozen version normal on input line 1789.
LaTeX Font Info:    No math alphabet change to frozen version normal on input line 1789.
LaTeX Font Info:    No math alphabet change to frozen version normal on input line 1789.
LaTeX Font Info:    No math alphabet change to frozen version normal on input line 1789.
LaTeX Font Info:    No math alphabet change to frozen version normal on input line 1789.
LaTeX Font Info:    No math alphabet change to frozen version normal on input line 1789.
LaTeX Font Info:    No math alphabet change to frozen version normal on input line 1789.
LaTeX Font Info:    No math alphabet change to frozen version normal on input line 1789.
LaTeX Font Info:    No math alphabet change to frozen version normal on input line 1789.
LaTeX Font Info:    No math alphabet change to frozen version normal on input line 1789.
LaTeX Font Info:    No math alphabet change to frozen version normal on input line 1789.
LaTeX Font Info:    No math alphabet change to frozen version normal on input line 1789.
LaTeX Font Info:    No math alphabet change to frozen version normal on input line 1789.
LaTeX Font Info:    No math alphabet change to frozen version normal on input line 1789.
LaTeX Font Info:    No math alphabet change to frozen version normal on input line 1789.
LaTeX Font Info:    No math alphabet change to frozen version normal on input line 1789.
LaTeX Font Info:    No math alphabet change to frozen version normal on input line 1789.
LaTeX Font Info:    No math alphabet change to frozen version normal on input line 1789.
LaTeX Font Info:    No math alphabet change to frozen version normal on input line 1789.
LaTeX Font Info:    No math alphabet change to frozen version normal on input line 1789.
LaTeX Font Info:    No math alphabet change to frozen version normal on input line 1789.
LaTeX Font Info:    No math alphabet change to frozen version normal on input line 1789.
LaTeX Font Info:    No math alphabet change to frozen version normal on input line 1789.
LaTeX Font Info:    No math alphabet change to frozen version normal on input line 1789.
LaTeX Font Info:    No math alphabet change to frozen version normal on input line 1789.
LaTeX Font Info:    No math alphabet change to frozen version normal on input line 1789.


LaTeX Font Info:    No math alphabet change to frozen version normal on input line 1789.
LaTeX Font Info:    No math alphabet change to frozen version normal on input line 1789.
LaTeX Font Info:    No math alphabet change to frozen version normal on input line 1789.
LaTeX Font Info:    No math alphabet change to frozen version normal on input line 1789.
LaTeX Font Info:    No math alphabet change to frozen version normal on input line 1789.
LaTeX Font Info:    No math alphabet change to frozen version normal on input line 1789.
[40]
LaTeX Font Info:    No math alphabet change to frozen version normal on input line 1789.
LaTeX Font Info:    No math alphabet change to frozen version normal on input line 1790.
LaTeX Font Info:    No math alphabet change to frozen version normal on input line 1790.
LaTeX Font Info:    No math alphabet change to frozen version normal on input line 1791.
Package mdframed Info: mdframed detected package amsthm 
 changed the theorem header of amsthm
(mdframed)              on input line 1794.
LaTeX Font Info:    No math alphabet change to frozen version normal on input line 1794.
LaTeX Font Info:    No math alphabet change to frozen version normal on input line 1794.
LaTeX Font Info:    No math alphabet change to frozen version normal on input line 1797.
LaTeX Font Info:    No math alphabet change to frozen version normal on input line 1797.
LaTeX Font Info:    No math alphabet change to frozen version normal on input line 1797.
LaTeX Font Info:    No math alphabet change to frozen version normal on input line 1797.
LaTeX Font Info:    No math alphabet change to frozen version normal on input line 1797.
LaTeX Font Info:    No math alphabet change to frozen version normal on input line 1797.
LaTeX Font Info:    No math alphabet change to frozen version normal on input line 1801.
LaTeX Font Info:    No math alphabet change to frozen version normal on input line 1806.
LaTeX Font Info:    No math alphabet change to frozen version normal on input line 1806.
LaTeX Font Info:    No math alphabet change to frozen version normal on input line 1806.
LaTeX Font Info:    No math alphabet change to frozen version normal on input line 1806.
LaTeX Font Info:    No math alphabet change to frozen version normal on input line 1806.
LaTeX Font Info:    No math alphabet change to frozen version normal on input line 1806.
LaTeX Font Info:    No math alphabet change to frozen version normal on input line 1806.
LaTeX Font Info:    No math alphabet change to frozen version normal on input line 1806.
LaTeX Font Info:    No math alphabet change to frozen version normal on input line 1806.
LaTeX Font Info:    No math alphabet change to frozen version normal on input line 1806.
LaTeX Font Info:    No math alphabet change to frozen version normal on input line 1806.
LaTeX Font Info:    No math alphabet change to frozen version normal on input line 1806.
LaTeX Font Info:    No math alphabet change to frozen version normal on input line 1806.
LaTeX Font Info:    No math alphabet change to frozen version normal on input line 1806.
LaTeX Font Info:    No math alphabet change to frozen version normal on input line 1806.
LaTeX Font Info:    No math alphabet change to frozen version normal on input line 1806.
LaTeX Font Info:    No math alphabet change to frozen version normal on input line 1807.
LaTeX Font Info:    No math alphabet change to frozen version normal on input line 1808.
LaTeX Font Info:    No math alphabet change to frozen version normal on input line 1812.
LaTeX Font Info:    No math alphabet change to frozen version normal on input line 1812.
LaTeX Font Info:    No math alphabet change to frozen version normal on input line 1812.
LaTeX Font Info:    No math alphabet change to frozen version normal on input line 1812.
LaTeX Font Info:    No math alphabet change to frozen version normal on input line 1812.
LaTeX Font Info:    No math alphabet change to frozen version normal on input line 1812.
LaTeX Font Info:    No math alphabet change to frozen version normal on input line 1812.
LaTeX Font Info:    No math alphabet change to frozen version normal on input line 1812.
LaTeX Font Info:    No math alphabet change to frozen version normal on input line 1812.
LaTeX Font Info:    No math alphabet change to frozen version normal on input line 1815.
LaTeX Font Info:    No math alphabet change to frozen version normal on input line 1815.
LaTeX Font Info:    No math alphabet change to frozen version normal on input line 1815.
LaTeX Font Info:    No math alphabet change to frozen version normal on input line 1815.
LaTeX Font Info:    No math alphabet change to frozen version normal on input line 1815.
LaTeX Font Info:    No math alphabet change to frozen version normal on input line 1815.
Package mdframed Info: mdframed detected package amsthm 
 changed the theorem header of amsthm
(mdframed)              on input line 1819.
LaTeX Font Info:    No math alphabet change to frozen version normal on input line 1819.
LaTeX Font Info:    No math alphabet change to frozen version normal on input line 1819.
LaTeX Font Info:    No math alphabet change to frozen version normal on input line 1819.
LaTeX Font Info:    No math alphabet change to frozen version normal on input line 1829.
LaTeX Font Info:    No math alphabet change to frozen version normal on input line 1829.
LaTeX Font Info:    No math alphabet change to frozen version normal on input line 1829.
LaTeX Font Info:    No math alphabet change to frozen version normal on input line 1829.
LaTeX Font Info:    No math alphabet change to frozen version normal on input line 1829.
LaTeX Font Info:    No math alphabet change to frozen version normal on input line 1829.
LaTeX Font Info:    No math alphabet change to frozen version normal on input line 1829.
LaTeX Font Info:    No math alphabet change to frozen version normal on input line 1829.
LaTeX Font Info:    No math alphabet change to frozen version normal on input line 1829.
LaTeX Font Info:    No math alphabet change to frozen version normal on input line 1829.
LaTeX Font Info:    No math alphabet change to frozen version normal on input line 1829.
LaTeX Font Info:    No math alphabet change to frozen version normal on input line 1829.
LaTeX Font Info:    No math alphabet change to frozen version normal on input line 1829.
LaTeX Font Info:    No math alphabet change to frozen version normal on input line 1829.
LaTeX Font Info:    No math alphabet change to frozen version normal on input line 1829.
LaTeX Font Info:    No math alphabet change to frozen version normal on input line 1829.
LaTeX Font Info:    No math alphabet change to frozen version normal on input line 1829.
LaTeX Font Info:    No math alphabet change to frozen version normal on input line 1829.
LaTeX Font Info:    No math alphabet change to frozen version normal on input line 1829.
LaTeX Font Info:    No math alphabet change to frozen version normal on input line 1829.
LaTeX Font Info:    No math alphabet change to frozen version normal on input line 1830.
LaTeX Font Info:    No math alphabet change to frozen version normal on input line 1830.
LaTeX Font Info:    No math alphabet change to frozen version normal on input line 1830.
LaTeX Font Info:    No math alphabet change to frozen version normal on input line 1831.
LaTeX Font Info:    No math alphabet change to frozen version normal on input line 1834.
LaTeX Font Info:    No math alphabet change to frozen version normal on input line 1834.
LaTeX Font Info:    No math alphabet change to frozen version normal on input line 1834.
LaTeX Font Info:    No math alphabet change to frozen version normal on input line 1834.
LaTeX Font Info:    No math alphabet change to frozen version normal on input line 1837.
LaTeX Font Info:    No math alphabet change to frozen version normal on input line 1837.
LaTeX Font Info:    No math alphabet change to frozen version normal on input line 1837.
LaTeX Font Info:    No math alphabet change to frozen version normal on input line 1837.
LaTeX Font Info:    No math alphabet change to frozen version normal on input line 1837.
LaTeX Font Info:    No math alphabet change to frozen version normal on input line 1837.
LaTeX Font Info:    No math alphabet change to frozen version normal on input line 1845.
LaTeX Font Info:    No math alphabet change to frozen version normal on input line 1845.
LaTeX Font Info:    No math alphabet change to frozen version normal on input line 1845.
LaTeX Font Info:    No math alphabet change to frozen version normal on input line 1845.
LaTeX Font Info:    No math alphabet change to frozen version normal on input line 1845.
LaTeX Font Info:    No math alphabet change to frozen version normal on input line 1845.
LaTeX Font Info:    No math alphabet change to frozen version normal on input line 1845.
LaTeX Font Info:    No math alphabet change to frozen version normal on input line 1845.
LaTeX Font Info:    No math alphabet change to frozen version normal on input line 1845.
LaTeX Font Info:    No math alphabet change to frozen version normal on input line 1845.
LaTeX Font Info:    No math alphabet change to frozen version normal on input line 1845.
LaTeX Font Info:    No math alphabet change to frozen version normal on input line 1845.
LaTeX Font Info:    No math alphabet change to frozen version normal on input line 1845.
LaTeX Font Info:    No math alphabet change to frozen version normal on input line 1845.
LaTeX Font Info:    No math alphabet change to frozen version normal on input line 1845.
LaTeX Font Info:    No math alphabet change to frozen version normal on input line 1845.
LaTeX Font Info:    No math alphabet change to frozen version normal on input line 1845.
LaTeX Font Info:    No math alphabet change to frozen version normal on input line 1845.
LaTeX Font Info:    No math alphabet change to frozen version normal on input line 1845.
LaTeX Font Info:    No math alphabet change to frozen version normal on input line 1845.
LaTeX Font Info:    No math alphabet change to frozen version normal on input line 1845.
LaTeX Font Info:    No math alphabet change to frozen version normal on input line 1845.
LaTeX Font Info:    No math alphabet change to frozen version normal on input line 1845.
LaTeX Font Info:    No math alphabet change to frozen version normal on input line 1845.
LaTeX Font Info:    No math alphabet change to frozen version normal on input line 1845.
LaTeX Font Info:    No math alphabet change to frozen version normal on input line 1845.
LaTeX Font Info:    No math alphabet change to frozen version normal on input line 1845.


LaTeX Font Info:    No math alphabet change to frozen version normal on input line 1845.
LaTeX Font Info:    No math alphabet change to frozen version normal on input line 1845.
LaTeX Font Info:    No math alphabet change to frozen version normal on input line 1845.
LaTeX Font Info:    No math alphabet change to frozen version normal on input line 1845.
LaTeX Font Info:    No math alphabet change to frozen version normal on input line 1845.
LaTeX Font Info:    No math alphabet change to frozen version normal on input line 1845.
[41]
LaTeX Font Info:    No math alphabet change to frozen version normal on input line 1845.
LaTeX Font Info:    No math alphabet change to frozen version normal on input line 1847.
LaTeX Font Info:    No math alphabet change to frozen version normal on input line 1853.
LaTeX Font Info:    No math alphabet change to frozen version normal on input line 1853.
LaTeX Font Info:    No math alphabet change to frozen version normal on input line 1853.
LaTeX Font Info:    No math alphabet change to frozen version normal on input line 1853.
LaTeX Font Info:    No math alphabet change to frozen version normal on input line 1854.
LaTeX Font Info:    No math alphabet change to frozen version normal on input line 1854.
LaTeX Font Info:    No math alphabet change to frozen version normal on input line 1854.
LaTeX Font Info:    No math alphabet change to frozen version normal on input line 1854.
LaTeX Font Info:    No math alphabet change to frozen version normal on input line 1855.
LaTeX Font Info:    No math alphabet change to frozen version normal on input line 1855.
LaTeX Font Info:    No math alphabet change to frozen version normal on input line 1855.
LaTeX Font Info:    No math alphabet change to frozen version normal on input line 1855.
LaTeX Font Info:    No math alphabet change to frozen version normal on input line 1858.
LaTeX Font Info:    No math alphabet change to frozen version normal on input line 1858.
LaTeX Font Info:    No math alphabet change to frozen version normal on input line 1858.
LaTeX Font Info:    No math alphabet change to frozen version normal on input line 1858.
LaTeX Font Info:    No math alphabet change to frozen version normal on input line 1858.
LaTeX Font Info:    No math alphabet change to frozen version normal on input line 1861.
LaTeX Font Info:    No math alphabet change to frozen version normal on input line 1861.
LaTeX Font Info:    No math alphabet change to frozen version normal on input line 1861.
LaTeX Font Info:    No math alphabet change to frozen version normal on input line 1861.
LaTeX Font Info:    No math alphabet change to frozen version normal on input line 1861.
LaTeX Font Info:    No math alphabet change to frozen version normal on input line 1862.
LaTeX Font Info:    No math alphabet change to frozen version normal on input line 1862.
LaTeX Font Info:    No math alphabet change to frozen version normal on input line 1862.
LaTeX Font Info:    No math alphabet change to frozen version normal on input line 1862.
LaTeX Font Info:    No math alphabet change to frozen version normal on input line 1862.
Package mdframed Info: mdframed detected package amsthm 
 changed the theorem header of amsthm
(mdframed)              on input line 1866.
LaTeX Font Info:    No math alphabet change to frozen version normal on input line 1866.
LaTeX Font Info:    No math alphabet change to frozen version normal on input line 1866.
LaTeX Font Info:    No math alphabet change to frozen version normal on input line 1866.
LaTeX Font Info:    No math alphabet change to frozen version normal on input line 1866.
LaTeX Font Info:    No math alphabet change to frozen version normal on input line 1866.
LaTeX Font Info:    No math alphabet change to frozen version normal on input line 1870.
LaTeX Font Info:    No math alphabet change to frozen version normal on input line 1870.
LaTeX Font Info:    No math alphabet change to frozen version normal on input line 1870.
LaTeX Font Info:    No math alphabet change to frozen version normal on input line 1870.
LaTeX Font Info:    No math alphabet change to frozen version normal on input line 1870.
LaTeX Font Info:    No math alphabet change to frozen version normal on input line 1870.
LaTeX Font Info:    No math alphabet change to frozen version normal on input line 1872.
LaTeX Font Info:    No math alphabet change to frozen version normal on input line 1872.
LaTeX Font Info:    No math alphabet change to frozen version normal on input line 1875.
LaTeX Font Info:    No math alphabet change to frozen version normal on input line 1875.
LaTeX Font Info:    No math alphabet change to frozen version normal on input line 1875.
LaTeX Font Info:    No math alphabet change to frozen version normal on input line 1875.
LaTeX Font Info:    No math alphabet change to frozen version normal on input line 1875.


LaTeX Font Info:    No math alphabet change to frozen version normal on input line 1875.
LaTeX Font Info:    No math alphabet change to frozen version normal on input line 1875.
LaTeX Font Info:    No math alphabet change to frozen version normal on input line 1875.
LaTeX Font Info:    No math alphabet change to frozen version normal on input line 1875.
LaTeX Font Info:    No math alphabet change to frozen version normal on input line 1875.
LaTeX Font Info:    No math alphabet change to frozen version normal on input line 1875.
[42]
LaTeX Font Info:    No math alphabet change to frozen version normal on input line 1875.
LaTeX Font Info:    No math alphabet change to frozen version normal on input line 1876.
LaTeX Font Info:    No math alphabet change to frozen version normal on input line 1878.
LaTeX Font Info:    No math alphabet change to frozen version normal on input line 1878.
LaTeX Font Info:    No math alphabet change to frozen version normal on input line 1878.
LaTeX Font Info:    No math alphabet change to frozen version normal on input line 1880.
LaTeX Font Info:    No math alphabet change to frozen version normal on input line 1880.
LaTeX Font Info:    No math alphabet change to frozen version normal on input line 1880.
LaTeX Font Info:    No math alphabet change to frozen version normal on input line 1880.
LaTeX Font Info:    No math alphabet change to frozen version normal on input line 1883.
LaTeX Font Info:    No math alphabet change to frozen version normal on input line 1883.
LaTeX Font Info:    No math alphabet change to frozen version normal on input line 1883.
LaTeX Font Info:    No math alphabet change to frozen version normal on input line 1883.
LaTeX Font Info:    No math alphabet change to frozen version normal on input line 1883.
LaTeX Font Info:    No math alphabet change to frozen version normal on input line 1883.
LaTeX Font Info:    No math alphabet change to frozen version normal on input line 1884.
LaTeX Font Info:    No math alphabet change to frozen version normal on input line 1884.
LaTeX Font Info:    No math alphabet change to frozen version normal on input line 1884.
LaTeX Font Info:    No math alphabet change to frozen version normal on input line 1884.
LaTeX Font Info:    No math alphabet change to frozen version normal on input line 1884.
LaTeX Font Info:    No math alphabet change to frozen version normal on input line 1884.
LaTeX Font Info:    No math alphabet change to frozen version normal on input line 1884.
LaTeX Font Info:    No math alphabet change to frozen version normal on input line 1888.
LaTeX Font Info:    No math alphabet change to frozen version normal on input line 1888.
LaTeX Font Info:    No math alphabet change to frozen version normal on input line 1888.
LaTeX Font Info:    No math alphabet change to frozen version normal on input line 1888.
LaTeX Font Info:    No math alphabet change to frozen version normal on input line 1888.
LaTeX Font Info:    No math alphabet change to frozen version normal on input line 1888.
LaTeX Font Info:    No math alphabet change to frozen version normal on input line 1888.
LaTeX Font Info:    No math alphabet change to frozen version normal on input line 1891.
LaTeX Font Info:    No math alphabet change to frozen version normal on input line 1891.
LaTeX Font Info:    No math alphabet change to frozen version normal on input line 1891.
LaTeX Font Info:    No math alphabet change to frozen version normal on input line 1891.
LaTeX Font Info:    No math alphabet change to frozen version normal on input line 1891.
LaTeX Font Info:    No math alphabet change to frozen version normal on input line 1891.
LaTeX Font Info:    No math alphabet change to frozen version normal on input line 1892.
LaTeX Font Info:    No math alphabet change to frozen version normal on input line 1892.
LaTeX Font Info:    No math alphabet change to frozen version normal on input line 1892.
LaTeX Font Info:    No math alphabet change to frozen version normal on input line 1893.
LaTeX Font Info:    No math alphabet change to frozen version normal on input line 1893.
LaTeX Font Info:    No math alphabet change to frozen version normal on input line 1893.
LaTeX Font Info:    No math alphabet change to frozen version normal on input line 1893.
LaTeX Font Info:    No math alphabet change to frozen version normal on input line 1893.
LaTeX Font Info:    No math alphabet change to frozen version normal on input line 1893.
LaTeX Font Info:    No math alphabet change to frozen version normal on input line 1893.
LaTeX Font Info:    No math alphabet change to frozen version normal on input line 1893.
LaTeX Font Info:    No math alphabet change to frozen version normal on input line 1893.
LaTeX Font Info:    No math alphabet change to frozen version normal on input line 1893.
LaTeX Font Info:    No math alphabet change to frozen version normal on input line 1896.
LaTeX Font Info:    No math alphabet change to frozen version normal on input line 1896.
LaTeX Font Info:    No math alphabet change to frozen version normal on input line 1900.
LaTeX Font Info:    No math alphabet change to frozen version normal on input line 1900.
LaTeX Font Info:    No math alphabet change to frozen version normal on input line 1900.
LaTeX Font Info:    No math alphabet change to frozen version normal on input line 1900.
LaTeX Font Info:    No math alphabet change to frozen version normal on input line 1900.
LaTeX Font Info:    No math alphabet change to frozen version normal on input line 1900.
LaTeX Font Info:    No math alphabet change to frozen version normal on input line 1900.
LaTeX Font Info:    No math alphabet change to frozen version normal on input line 1900.
LaTeX Font Info:    No math alphabet change to frozen version normal on input line 1900.
LaTeX Font Info:    No math alphabet change to frozen version normal on input line 1900.
LaTeX Font Info:    No math alphabet change to frozen version normal on input line 1900.
LaTeX Font Info:    No math alphabet change to frozen version normal on input line 1900.
LaTeX Font Info:    No math alphabet change to frozen version normal on input line 1901.
LaTeX Font Info:    No math alphabet change to frozen version normal on input line 1901.
LaTeX Font Info:    No math alphabet change to frozen version normal on input line 1901.
LaTeX Font Info:    No math alphabet change to frozen version normal on input line 1901.
LaTeX Font Info:    No math alphabet change to frozen version normal on input line 1901.
LaTeX Font Info:    No math alphabet change to frozen version normal on input line 1903.
Package hyperref Info: bookmark level for unknown definition* defaults to 0 on input line 1910.
LaTeX Font Info:    No math alphabet change to frozen version normal on input line 1910.
LaTeX Font Info:    No math alphabet change to frozen version normal on input line 1913.
LaTeX Font Info:    No math alphabet change to frozen version normal on input line 1913.
LaTeX Font Info:    No math alphabet change to frozen version normal on input line 1913.
LaTeX Font Info:    No math alphabet change to frozen version normal on input line 1913.
LaTeX Font Info:    No math alphabet change to frozen version normal on input line 1913.
LaTeX Font Info:    No math alphabet change to frozen version normal on input line 1913.
LaTeX Font Info:    No math alphabet change to frozen version normal on input line 1917.
LaTeX Font Info:    No math alphabet change to frozen version normal on input line 1917.
LaTeX Font Info:    No math alphabet change to frozen version normal on input line 1917.
LaTeX Font Info:    No math alphabet change to frozen version normal on input line 1917.
LaTeX Font Info:    No math alphabet change to frozen version normal on input line 1917.
LaTeX Font Info:    No math alphabet change to frozen version normal on input line 1917.
LaTeX Font Info:    No math alphabet change to frozen version normal on input line 1918.
LaTeX Font Info:    No math alphabet change to frozen version normal on input line 1924.
LaTeX Font Info:    No math alphabet change to frozen version normal on input line 1924.


LaTeX Font Info:    No math alphabet change to frozen version normal on input line 1925.
LaTeX Font Info:    No math alphabet change to frozen version normal on input line 1925.
LaTeX Font Info:    No math alphabet change to frozen version normal on input line 1925.
LaTeX Font Info:    No math alphabet change to frozen version normal on input line 1925.
LaTeX Font Info:    No math alphabet change to frozen version normal on input line 1925.
LaTeX Font Info:    No math alphabet change to frozen version normal on input line 1925.
[43]
LaTeX Font Info:    No math alphabet change to frozen version normal on input line 1928.
LaTeX Font Info:    No math alphabet change to frozen version normal on input line 1928.
LaTeX Font Info:    No math alphabet change to frozen version normal on input line 1928.
LaTeX Font Info:    No math alphabet change to frozen version normal on input line 1928.
LaTeX Font Info:    No math alphabet change to frozen version normal on input line 1928.
LaTeX Font Info:    No math alphabet change to frozen version normal on input line 1928.
LaTeX Font Info:    No math alphabet change to frozen version normal on input line 1928.
LaTeX Font Info:    No math alphabet change to frozen version normal on input line 1928.
LaTeX Font Info:    No math alphabet change to frozen version normal on input line 1928.
LaTeX Font Info:    No math alphabet change to frozen version normal on input line 1928.
LaTeX Font Info:    No math alphabet change to frozen version normal on input line 1928.
LaTeX Font Info:    No math alphabet change to frozen version normal on input line 1928.
LaTeX Font Info:    No math alphabet change to frozen version normal on input line 1931.
LaTeX Font Info:    No math alphabet change to frozen version normal on input line 1931.
LaTeX Font Info:    No math alphabet change to frozen version normal on input line 1935.
LaTeX Font Info:    No math alphabet change to frozen version normal on input line 1935.
LaTeX Font Info:    No math alphabet change to frozen version normal on input line 1936.
LaTeX Font Info:    No math alphabet change to frozen version normal on input line 1939.
LaTeX Font Info:    No math alphabet change to frozen version normal on input line 1939.
LaTeX Font Info:    No math alphabet change to frozen version normal on input line 1939.
LaTeX Font Info:    No math alphabet change to frozen version normal on input line 1939.
LaTeX Font Info:    No math alphabet change to frozen version normal on input line 1939.
LaTeX Font Info:    No math alphabet change to frozen version normal on input line 1939.


LaTeX Font Info:    No math alphabet change to frozen version normal on input line 1948.
LaTeX Font Info:    No math alphabet change to frozen version normal on input line 1948.
LaTeX Font Info:    No math alphabet change to frozen version normal on input line 1948.
LaTeX Font Info:    No math alphabet change to frozen version normal on input line 1948.
LaTeX Font Info:    No math alphabet change to frozen version normal on input line 1948.
LaTeX Font Info:    No math alphabet change to frozen version normal on input line 1948.
[44] (c:/Users/olive/Documents/maths/Cambridge/cam-notes/pdf/render/probability.aux)
 ***********
LaTeX2e <2024-06-01> patch level 2
L3 programming layer <2020/03/25>
 ***********


LaTeX Font Warning: Some font shapes were not available, defaults substituted.


LaTeX Warning: Label(s) may have changed. Rerun to get cross-references right.

Package rerunfilecheck Info: File `probability.out' has not changed.
(rerunfilecheck)             Checksum: D41D8CD98F00B204E9800998ECF8427E;0.
 ) 
Here is how much of TeX's memory you used:
 46609 strings out of 473579
 1021625 string characters out of 5725188
 1958960 words of memory out of 5000000
 68253 multiletter control sequences out of 15000+600000
 591516 words of font info for 256 fonts, out of 8000000 for 9000
 1141 hyphenation exceptions out of 8191
 138i,21n,145p,10960b,1210s stack positions out of 10000i,1000n,20000p,200000b,200000s
<c:/Program Files/texlive/2024/texmf-dist/fonts/type1/public/amsfonts/cm/cmbx10.pfb><c:/Program Files/texlive/2024/texmf-dist/fonts/type1/public/amsfonts/cm/cmbx9.pfb><c:/Program Files/texlive/2024/texmf-dist/fonts/type1/public/amsfonts/cm/cmcsc10.pfb><c:/Program Files/texlive/2024/texmf-dist/fonts/type1/public/amsfonts/cm/cmex10.pfb><c:/Program Files/texlive/2024/texmf-dist/fonts/type1/public/amsfonts/cm/cmmi10.pfb><c:/Program Files/texlive/2024/texmf-dist/fonts/type1/public/amsfonts/cm/cmmi5.pfb><c:/Program Files/texlive/2024/texmf-dist/fonts/type1/public/amsfonts/cm/cmmi6.pfb><c:/Program Files/texlive/2024/texmf-dist/fonts/type1/public/amsfonts/cm/cmmi7.pfb><c:/Program Files/texlive/2024/texmf-dist/fonts/type1/public/amsfonts/cm/cmmi8.pfb><c:/Program Files/texlive/2024/texmf-dist/fonts/type1/public/amsfonts/cm/cmr10.pfb><c:/Program Files/texlive/2024/texmf-dist/fonts/type1/public/amsfonts/cm/cmr5.pfb><c:/Program Files/texlive/2024/texmf-dist/fonts/type1/public/amsfonts/cm/cmr6.pfb><c:/Program Files/texlive/2024/texmf-dist/fonts/type1/public/amsfonts/cm/cmr7.pfb><c:/Program Files/texlive/2024/texmf-dist/fonts/type1/public/amsfonts/cm/cmr8.pfb><c:/Program Files/texlive/2024/texmf-dist/fonts/type1/public/amsfonts/cm/cmr9.pfb><c:/Program Files/texlive/2024/texmf-dist/fonts/type1/public/amsfonts/cm/cmss10.pfb><c:/Program Files/texlive/2024/texmf-dist/fonts/type1/public/amsfonts/cm/cmss8.pfb><c:/Program Files/texlive/2024/texmf-dist/fonts/type1/public/amsfonts/cm/cmssbx10.pfb><c:/Program Files/texlive/2024/texmf-dist/fonts/type1/public/amsfonts/cm/cmsy10.pfb><c:/Program Files/texlive/2024/texmf-dist/fonts/type1/public/amsfonts/cm/cmsy6.pfb><c:/Program Files/texlive/2024/texmf-dist/fonts/type1/public/amsfonts/cm/cmsy7.pfb><c:/Program Files/texlive/2024/texmf-dist/fonts/type1/public/amsfonts/cm/cmsy8.pfb><c:/Program Files/texlive/2024/texmf-dist/fonts/type1/public/amsfonts/cm/cmti10.pfb><c:/Program Files/texlive/2024/texmf-dist/fonts/type1/public/amsfonts/cm/cmti8.pfb><c:/Program Files/texlive/2024/texmf-dist/fonts/type1/public/esint-type1/esint10.pfb><c:/Program Files/texlive/2024/texmf-dist/fonts/type1/public/amsfonts/symbols/msam10.pfb><c:/Program Files/texlive/2024/texmf-dist/fonts/type1/public/amsfonts/symbols/msbm10.pfb><c:/Program Files/texlive/2024/texmf-dist/fonts/type1/public/cm-super/sfrm1095.pfb><c:/Program Files/texlive/2024/texmf-dist/fonts/type1/public/cm-super/sfsx1200.pfb><c:/Program Files/texlive/2024/texmf-dist/fonts/type1/public/cm-super/sfsx1440.pfb>
Output written on c:/Users/olive/Documents/maths/Cambridge/cam-notes/pdf/render/probability.pdf (44 pages, 464464 bytes).
PDF statistics:
 730 PDF objects out of 1000 (max. 8388607)
 601 compressed objects within 7 object streams
 257 named destinations out of 1000 (max. 500000)
 63757 words of extra memory for PDF output out of 74296 (max. 10000000)

